{
    "resources": [
        {
            "name": "controller/RcpQualityMain-dbg.controller.js",
            "isDebug": true
        },
        {
            "name": "i18n/i18n_de.properties",
            "raw": "i18n/i18n.properties",
            "locale": "_de"
        },
        {
            "name": "i18n/i18n_fr.properties",
            "raw": "i18n/i18n.properties",
            "locale": "_fr"
        },
        {
            "name": "util/customTypes.js"
        },
        {
            "name": "di.code-validation.core_issues.json"
        },
        {
            "name": "controller/fragment/SearchDialog.controller.js"
        },
        {
            "name": "util/validation.js"
        },
        {
            "name": "util/sorter.js"
        },
        {
            "name": "util/oData.js"
        },
        {
            "name": "util/messagebox.js"
        },
        {
            "name": "util/formatter.js"
        },
        {
            "name": "util/filter.js"
        },
        {
            "name": "manifest.json"
        },
        {
            "name": "util/CordovaCamera.js"
        },
        {
            "name": "util/BarcodeInput.js"
        },
        {
            "name": "model/models.js"
        },
        {
            "name": "controller/UsageDecision.controller.js"
        },
        {
            "name": "controller/Root.controller.js"
        },
        {
            "name": "controller/RcpQualityMain.controller.js"
        },
        {
            "name": "controller/RcpQualityCheck.controller.js"
        },
        {
            "name": "controller/NotFound.controller.js"
        },
        {
            "name": "controller/CommonController.js"
        },
        {
            "name": "controller/BaseController.js"
        },
        {
            "name": "controller/Application.js"
        },
        {
            "name": "control/CustomUploadCollectionRenderer.js"
        },
        {
            "name": "control/CustomUploadCollection.js"
        },
        {
            "name": "control/CustomFileUploaderRenderer.js"
        },
        {
            "name": "control/CustomFileUploader.js"
        },
        {
            "name": "Component.js"
        },
        {
            "name": "Component-preload.js",
            "merged": true
        },
        {
            "name": "manifest-bundle.zip"
        },
        {
            "name": "controller/Application-dbg.js",
            "isDebug": true
        },
        {
            "name": "util/validation-dbg.js",
            "isDebug": true
        },
        {
            "name": "util/sorter-dbg.js",
            "isDebug": true
        },
        {
            "name": "util/oData-dbg.js",
            "isDebug": true
        },
        {
            "name": "util/messagebox-dbg.js",
            "isDebug": true
        },
        {
            "name": "util/formatter-dbg.js",
            "isDebug": true
        },
        {
            "name": "util/filter-dbg.js",
            "isDebug": true
        },
        {
            "name": "util/customTypes-dbg.js",
            "isDebug": true
        },
        {
            "name": "util/CordovaCamera-dbg.js",
            "isDebug": true
        },
        {
            "name": "util/BarcodeInput-dbg.js",
            "isDebug": true
        },
        {
            "name": "model/models-dbg.js",
            "isDebug": true
        },
        {
            "name": "controller/UsageDecision-dbg.controller.js",
            "isDebug": true
        },
        {
            "name": "controller/Root-dbg.controller.js",
            "isDebug": true
        },
        {
            "name": "i18n/i18n.properties",
            "raw": "i18n/i18n.properties"
        },
        {
            "name": "controller/RcpQualityCheck-dbg.controller.js",
            "isDebug": true
        },
        {
            "name": "controller/NotFound-dbg.controller.js",
            "isDebug": true
        },
        {
            "name": "controller/CommonController-dbg.js",
            "isDebug": true
        },
        {
            "name": "controller/BaseController-dbg.js",
            "isDebug": true
        },
        {
            "name": "controller/fragment/SearchDialog-dbg.controller.js",
            "isDebug": true
        },
        {
            "name": "control/CustomUploadCollectionRenderer-dbg.js",
            "isDebug": true
        },
        {
            "name": "control/CustomUploadCollection-dbg.js",
            "isDebug": true
        },
        {
            "name": "control/CustomFileUploaderRenderer-dbg.js",
            "isDebug": true
        },
        {
            "name": "control/CustomFileUploader-dbg.js",
            "isDebug": true
        },
        {
            "name": "Component-dbg.js",
            "isDebug": true
        },
        {
            "name": "Component-preload-dbg.js",
            "isDebug": true
        },
        {
            "name": "../../../../sap-ui-version.json"
        },
        {
            "name": "neo-app.json"
        },
        {
            "name": "view/fragment/UploadImageDialog.fragment.xml"
        },
        {
            "name": "view/fragment/SearchDialog.fragment.xml"
        },
        {
            "name": "view/fragment/BusyDialogLight.fragment.xml"
        },
        {
            "name": "view/UsageDecision.view.xml"
        },
        {
            "name": "view/Root.view.xml"
        },
        {
            "name": "view/RcpQualityMain.view.xml"
        },
        {
            "name": "view/RcpQualityCheck.view.xml"
        },
        {
            "name": "view/NotFound.view.xml"
        },
        {
            "name": "css/styles.less"
        },
        {
            "name": "css/styles.css"
        },
        {
            "name": "css/styles-dbg.css",
            "isDebug": true
        },
        {
            "name": "index.html"
        }
    ]
}