{
  "view/NotFound.view.xml": 1630641424000,
  "i18n/i18n_de.properties": 1630641424000,
  "i18n/i18n_fr.properties": 1630641424000,
  "util/customTypes.js": 1630641424000,
  "di.code-validation.core_issues.json": 1630652287939,
  "controller/fragment/SearchDialog.controller.js": 1630641424000,
  "util/validation.js": 1630641424000,
  "util/sorter.js": 1630641424000,
  "util/oData.js": 1630641424000,
  "util/messagebox.js": 1630641424000,
  "util/formatter.js": 1630641424000,
  "util/filter.js": 1630641424000,
  "manifest.json": 1630652270754,
  "util/CordovaCamera.js": 1630641424000,
  "util/BarcodeInput.js": 1630641424000,
  "model/models.js": 1630641424000,
  "controller/UsageDecision.controller.js": 1630641424000,
  "controller/Root.controller.js": 1630641424000,
  "controller/RcpQualityMain.controller.js": 1630641424000,
  "controller/RcpQualityCheck.controller.js": 1630641424000,
  "controller/NotFound.controller.js": 1630641424000,
  "controller/CommonController.js": 1630641424000,
  "controller/BaseController.js": 1630641424000,
  "controller/Application.js": 1630641424000,
  "control/CustomUploadCollectionRenderer.js": 1630641424000,
  "control/CustomUploadCollection.js": 1630641424000,
  "control/CustomFileUploaderRenderer.js": 1630641424000,
  "control/CustomFileUploader.js": 1630641424000,
  "Component.js": 1630641422000,
  "Component-preload.js": 1630652273952,
  "manifest-bundle.zip": 1630652270832,
  "controller/Application-dbg.js": 1630641424000,
  "util/validation-dbg.js": 1630641424000,
  "util/sorter-dbg.js": 1630641424000,
  "util/oData-dbg.js": 1630641424000,
  "util/messagebox-dbg.js": 1630641424000,
  "util/formatter-dbg.js": 1630641424000,
  "util/filter-dbg.js": 1630641424000,
  "util/customTypes-dbg.js": 1630641424000,
  "util/CordovaCamera-dbg.js": 1630641424000,
  "util/BarcodeInput-dbg.js": 1630641424000,
  "model/models-dbg.js": 1630641424000,
  "controller/UsageDecision-dbg.controller.js": 1630641424000,
  "controller/Root-dbg.controller.js": 1630641424000,
  "controller/RcpQualityMain-dbg.controller.js": 1630641424000,
  "controller/RcpQualityCheck-dbg.controller.js": 1630641424000,
  "controller/NotFound-dbg.controller.js": 1630641424000,
  "controller/CommonController-dbg.js": 1630641424000,
  "controller/BaseController-dbg.js": 1630641424000,
  "controller/fragment/SearchDialog-dbg.controller.js": 1630641424000,
  "control/CustomUploadCollectionRenderer-dbg.js": 1630641424000,
  "control/CustomUploadCollection-dbg.js": 1630641424000,
  "control/CustomFileUploaderRenderer-dbg.js": 1630641424000,
  "control/CustomFileUploader-dbg.js": 1630641424000,
  "Component-dbg.js": 1630641422000,
  "Component-preload-dbg.js": 1630652273952,
  "neo-app.json": 1630652275973,
  "resources.json": 1630652287975,
  "view/fragment/UploadImageDialog.fragment.xml": 1630641424000,
  "view/fragment/SearchDialog.fragment.xml": 1630641424000,
  "view/fragment/BusyDialogLight.fragment.xml": 1630641424000,
  "view/UsageDecision.view.xml": 1630641424000,
  "view/Root.view.xml": 1630641424000,
  "view/RcpQualityMain.view.xml": 1630641424000,
  "view/RcpQualityCheck.view.xml": 1630641424000,
  "i18n/i18n.properties": 1630641424000,
  "css/styles.less": 1630641424000,
  "css/styles.css": 1630641424000,
  "css/styles-dbg.css": 1630641424000,
  "index.html": 1630641422000
}