{
  "projectType": [
    "sap.watt.uitools.ide.fiori",
    "com.watt.common.builder.sapui5clientbuild"
  ],
  "generation": [
    {
      "templateId": "ui5template.basicSAPUI5ApplicationProjectCommon",
      "templateVersion": "1.32.0",
      "dateTimeStamp": "Sun, 07 Oct 2018 12:54:49 GMT"
    },
    {
      "templateId": "ui5template.basicSAPUI5ApplicationProject",
      "templateVersion": "1.40.12",
      "dateTimeStamp": "Sun, 07 Oct 2018 12:54:51 GMT"
    },
    {
      "templateId": "servicecatalog.connectivityComponent",
      "templateVersion": "0.0.0",
      "dateTimeStamp": "Sun, 07 Oct 2018 13:00:31 GMT"
    },
    {
      "templateId": "ui5template.basicSAPUI5ApplicationComponent",
      "templateVersion": "1.4.0",
      "dateTimeStamp": "Sun, 07 Oct 2018 13:10:13 GMT"
    }
  ],
  "translation": {
    "translationDomain": "",
    "supportedLanguages": "en,fr,de",
    "defaultLanguage": "en",
    "defaultI18NPropertyFile": "i18n.properties",
    "resourceModelName": "i18n"
  },
  "basevalidator": {
    "services": {
      "xml": "fioriXmlAnalysis",
      "js": "fioriJsValidator"
    }
  },
  "codeCheckingTriggers": {
    "notifyBeforePush": true,
    "notifyBeforePushLevel": "Error",
    "blockPush": false,
    "blockPushLevel": "Error"
  },
  "build": {
    "buildRequired": true,
    "sourceFolder": "webapp",
    "targetFolder": "dist",
    "excludedFolders": [],
    "excludedFiles": [],
    "lastBuildDateTime": "Thu, 11 Oct 2018 09:11:24 GMT"
  },
  "mockpreview": {
    "mockUri": "/GWaaS/odata/SAP/SUPPLIERONLINEPORTAL;v=1",
    "metadataFilePath": "",
    "loadJSONFiles": false,
    "loadCustomRequests": false,
    "mockRequestsFilePath": ""
  },
  "hcpdeploy": {
    "account": "a4b939626",
    "name": "supplieronlineportal",
    "lastVersionWeTriedToDeploy": "1.0.0"
  }
}