{
  "welcomeFile": "/webapp/index.html",
  "logoutPage": "logout.html",
  "routes": [
    {
      "path": "/resources",
      "target": {
        "type": "service",
        "name": "sapui5",
        "version":"1.64.1",
        "entryPath": "/resources"
      },
      "description": "SAPUI5 Resources"
    },
    {
      "path": "/test-resources",
      "target": {
        "type": "service",
        "name": "sapui5",
        "version":"1.64.1",
        "entryPath": "/test-resources"
      },
      "description": "SAPUI5 Test Resources"
    },
    {
      "path": "/GWaaS",
      "target": {
        "type": "destination",
        "name": "GWaaS"
      },
      "description": "Gateway as a Service for UD6"
    },
    {
      "path": "/upmtheme2",
      "target": {
        "type": "application",
        "name": "upmtheme2"
      },
      "description": "Route for custom UPM Theme"
    }
  ],
  "sendWelcomeFileRedirect": true
}