{
	"zipInfo": {
		"creatorName": "Theming Engine",
		"creatorVersion": "1.39.0",
		"created": "2019-04-01T07:36:25Z",
		"lessVersion": "1.6.3",
		"compression": "none",
		"exportMode": "ALL"
	},
	"contentInfo": {
		"sourcePath": "https://themedesigner-a4b939626.dispatcher.hana.ondemand.com/theming/repository/~v=Base:11.0.24,UR:10.30.7.311396.0,UI5:1.52.24",
		"frameworks": {
			"UI5": {
				"version": "1.52.24"
			},
			"Base": {
				"version": "11.0.24"
			}
		},
		"libraries": {
			"UI5.sap/ca/ui": {
				"version": "1.52.1"
			},
			"UI5.sap/f": {
				"version": "1.52.22"
			},
			"UI5.sap/fileviewer": {
				"version": "1.52.2"
			},
			"UI5.sap/fiori": {
				"version": "1.52.24"
			},
			"UI5.sap/gantt": {
				"version": "1.52.15"
			},
			"UI5.sap/m": {
				"version": "1.52.22"
			},
			"UI5.sap/me": {
				"version": "1.52.22"
			},
			"UI5.sap/ovp": {
				"version": "1.52.16"
			},
			"UI5.sap/rules/ui": {
				"version": "1.52.8"
			},
			"UI5.sap/suite/ui/commons": {
				"version": "1.52.10"
			},
			"UI5.sap/suite/ui/generic/template": {
				"version": "1.52.20"
			},
			"UI5.sap/suite/ui/microchart": {
				"version": "1.52.22"
			},
			"UI5.sap/tnt": {
				"version": "1.52.22"
			},
			"UI5.sap/ui/codeeditor": {
				"version": "1.52.22"
			},
			"UI5.sap/ui/commons": {
				"version": "1.52.22"
			},
			"UI5.sap/ui/comp": {
				"version": "1.52.22"
			},
			"UI5.sap/ui/core": {
				"version": "1.52.22"
			},
			"UI5.sap/ui/dt": {
				"version": "1.52.22"
			},
			"UI5.sap/ui/export": {
				"version": "1.52.22"
			},
			"UI5.sap/ui/fl": {
				"version": "1.52.22"
			},
			"UI5.sap/ui/layout": {
				"version": "1.52.22"
			},
			"UI5.sap/ui/mdc": {
				"version": "1.52.22"
			},
			"UI5.sap/ui/richtexteditor": {
				"version": "1.52.22"
			},
			"UI5.sap/ui/rta": {
				"version": "1.52.22"
			},
			"UI5.sap/ui/suite": {
				"version": "1.52.22"
			},
			"UI5.sap/ui/support": {
				"version": "1.52.22"
			},
			"UI5.sap/ui/table": {
				"version": "1.52.22"
			},
			"UI5.sap/ui/unified": {
				"version": "1.52.22"
			},
			"UI5.sap/ui/ux3": {
				"version": "1.52.22"
			},
			"UI5.sap/ui/vbm": {
				"version": "1.52.14"
			},
			"UI5.sap/ui/vk": {
				"version": "1.52.18"
			},
			"UI5.sap/ui/vtm": {
				"version": "1.52.0"
			},
			"UI5.sap/ushell": {
				"version": "1.52.23"
			},
			"UI5.sap/uxap": {
				"version": "1.52.22"
			},
			"UI5.sap/viz": {
				"version": "1.52.22"
			},
			"UI5.sap/zen/commons": {
				"version": "1.52.20"
			},
			"UI5.sap/zen/crosstab": {
				"version": "1.52.20"
			},
			"Base.baseLib": {
				"version": "11.0.24"
			}
		},
		"themes": {
			"upmhybridtheme": {
				"id": "upmhybridtheme",
				"extends": "sap_belize",
				"label": "upmhybridtheme",
				"vendor": "Neomore",
				"textDirections": "LTR"
			},
			"upmhybridtheme--Contrast": {
				"id": "upmhybridtheme--Contrast",
				"extends": "sap_belize_plus",
				"label": "",
				"vendor": "Neomore",
				"textDirections": ""
			}
		}
	}
}