<core:FragmentDefinition
   xmlns="sap.m"
   xmlns:core="sap.ui.core" >
	<TableSelectDialog title="{i18n>selectMatDoc}" confirm="matDocConfirm" liveChange="matDocSearch" items="{/}">
		<ColumnListItem>
			<cells>
				<ObjectIdentifier title="{MatDoc}" text="{i18n>po} {PoNumber}"></ObjectIdentifier>
				<Text text="{VendName} {Vendor}"></Text>
				<Text text="{path: 'Quantity', formatter: '.formatter.parseQty'} {Unit}"></Text>
				<Text text="{path: 'PostDate', formatter: '.formatter.toShortDate'}"></Text>
			</cells>
		</ColumnListItem>
		<columns>
			<Column>
				<header>
					<Text text="{i18n>matDoc}"></Text>
				</header>
			</Column>
			<Column>
				<header>
					<Text text="{i18n>vendor}"></Text>
				</header>
			</Column>
			<Column>
				<header>
					<Text text="{i18n>quantity}"></Text>
				</header>
			</Column>
			<Column>
				<header>
					<Text text="{i18n>postingDate}"></Text>
				</header>
			</Column>
		</columns>
	</TableSelectDialog>
</core:FragmentDefinition>