{
  "Component-dbg.js": 1586344026033,
  "Component-preload.js": 1586344026123,
  "Component.js": 1586333172000,
  "controller/App-dbg.controller.js": 1586344026033,
  "controller/App.controller.js": 1586333172000,
  "controller/BaseController-dbg.js": 1586344026033,
  "controller/BaseController.js": 1586333172000,
  "css/style-dbg.css": 1586344026033,
  "css/style.css": 1586344022343,
  "di.code-validation.core_issues.json": 1586344021963,
  "i18n/i18n.properties": 1586333172000,
  "i18n/i18n_et.properties": 1586333172000,
  "i18n/i18n_fi.properties": 1586333172000,
  "i18n/i18n_ru.properties": 1586333172000,
  "include/formatter-dbg.js": 1586344026033,
  "include/formatter.js": 1586333172000,
  "include/quagga.min-dbg.js": 1586344026033,
  "include/quagga.min.js": 1586333172000,
  "include/sync-dbg.js": 1586344026033,
  "include/sync.js": 1586333172000,
  "index.html": 1586333172000,
  "manifest-bundle.zip": 1586344026273,
  "manifest.json": 1586344022233,
  "model/models-dbg.js": 1586344026033,
  "model/models.js": 1586333172000,
  "neo-app.json": 1586344026153,
  "resources.json": 1586344026153,
  "view/App-dbg.view.js": 1586344026033,
  "view/App.view.js": 1586333172000
}