<edmx:Edmx
    xmlns:edmx="http://schemas.microsoft.com/ado/2007/06/edmx"
    xmlns:sap="http://www.sap.com/Protocols/SAPData"
    xmlns:ux="http://www.sap.com/Protocols/OData4SAP/UX"
    xmlns:gp="http://www.sap.com/Protocols/SAPData/GenericPlayer" Version="1.0">
    <edmx:DataServices
        xmlns:m="http://schemas.microsoft.com/ado/2007/08/dataservices/metadata" m:DataServiceVersion="2.0">
        <Schema
            xmlns="http://schemas.microsoft.com/ado/2008/09/edm" Namespace="SUPPLIERONLINEPORTAL" sap:schema-version="1" xml:lang="en">
            <EntityType Name="ZRcpSopSuppList" sap:content-version="1">
                <Key>
                    <PropertyRef Name="SupplierCode"/>
                </Key>
                <Property Name="SupplierCode" Type="Edm.String" Nullable="false" MaxLength="10" sap:creatable="false" sap:updatable="false" sap:label="Vendor"/>
                <Property Name="SupplierName" Type="Edm.String" Nullable="false" MaxLength="35" sap:creatable="false" sap:updatable="false" sap:label="Name"/>
                <Property Name="SupplierType" Type="Edm.String" Nullable="false" MaxLength="2" sap:creatable="false" sap:updatable="false" sap:label="Version Number Component"/>
            </EntityType>
            <EntityType Name="ZrcpSopPoInfo" sap:content-version="1">
                <Key>
                    <PropertyRef Name="PurchOrder"/>
                    <PropertyRef Name="PoItem"/>
                </Key>
                <Property Name="PurchOrder" Type="Edm.String" Nullable="false" MaxLength="10" sap:creatable="false" sap:updatable="false" sap:label="Purchasing Doc."/>
                <Property Name="PoItem" Type="Edm.String" Nullable="false" MaxLength="5" sap:creatable="false" sap:updatable="false" sap:label="Item"/>
                <Property Name="DelDate" Type="Edm.String" Nullable="false" MaxLength="10" sap:creatable="false" sap:updatable="false" sap:label="Character Field Length = 10"/>
                <Property Name="Material" Type="Edm.String" Nullable="false" MaxLength="18" sap:creatable="false" sap:updatable="false" sap:label="Material"/>
                <Property Name="MatDescp" Type="Edm.String" Nullable="false" MaxLength="40" sap:creatable="false" sap:updatable="false" sap:label="Description"/>
                <Property Name="OrdQuantity" Type="Edm.Decimal" Nullable="false" Precision="13" Scale="3" sap:creatable="false" sap:updatable="false" sap:label="Order Quantity"/>
                <Property Name="Price" Type="Edm.Decimal" Nullable="false" Precision="12" Scale="3" sap:creatable="false" sap:updatable="false" sap:label="Net price"/>
                <Property Name="DelQuantity" Type="Edm.Decimal" Nullable="false" Precision="13" Scale="3" sap:creatable="false" sap:updatable="false" sap:label="Delivered"/>
                <Property Name="OpenQuantity" Type="Edm.Decimal" Nullable="false" Precision="13" Scale="3" sap:creatable="false" sap:updatable="false" sap:label="Open Quantity"/>
                <Property Name="PlanDelCount" Type="Edm.Int32" Nullable="false" sap:creatable="false" sap:updatable="false" sap:label="Del Count"/>
                <Property Name="SupplierCode" Type="Edm.String" Nullable="false" MaxLength="10" sap:creatable="false" sap:updatable="false" sap:label="Vendor"/>
                <NavigationProperty Name="NavPoToDel" Relationship="SUPPLIERONLINEPORTAL.PoToDel" FromRole="FromRole_PoToDel" ToRole="ToRole_PoToDel"/>
            </EntityType>
            <EntityType Name="ZrcpSopDelList" sap:content-version="1">
                <Key>
                    <PropertyRef Name="DeliveryNo"/>
                    <PropertyRef Name="DeliveryItem"/>
                </Key>
                <Property Name="DeliveryNo" Type="Edm.String" Nullable="false" MaxLength="10" sap:creatable="false" sap:updatable="false" sap:label="Delivery"/>
                <Property Name="PlanDelCount" Type="Edm.String" Nullable="false" MaxLength="10" sap:creatable="false" sap:updatable="false" sap:sortable="false" sap:label="Del Count"/>
                <Property Name="DeliveryItem" Type="Edm.String" Nullable="false" MaxLength="6" sap:creatable="false" sap:updatable="false" sap:label="Item"/>
                <Property Name="PurchOrder" Type="Edm.String" Nullable="false" MaxLength="10" sap:creatable="false" sap:updatable="false" sap:label="Purchasing Doc."/>
                <Property Name="PoItem" Type="Edm.String" Nullable="false" MaxLength="5" sap:creatable="false" sap:updatable="false" sap:label="Item"/>
                <Property Name="DelDate" Type="Edm.String" Nullable="false" MaxLength="10" sap:creatable="false" sap:updatable="false" sap:label="Character Field Length = 10"/>
            </EntityType>
            <EntityType Name="ZrcpSopDate" sap:content-version="1">
                <Key>
                    <PropertyRef Name="FirstExe"/>
                </Key>
                <Property Name="FirstExe" Type="Edm.String" Nullable="false" MaxLength="1" sap:creatable="false" sap:updatable="false" sap:label="Single-Character Indicator"/>
                <Property Name="DateLow" Type="Edm.String" Nullable="false" MaxLength="10" sap:creatable="false" sap:updatable="false" sap:label="Character Field Length = 10"/>
                <Property Name="DateHigh" Type="Edm.String" Nullable="false" MaxLength="10" sap:creatable="false" sap:updatable="false" sap:label="Character Field Length = 10"/>
            </EntityType>
            <EntityType Name="ZrcpMatSearch" sap:content-version="1">
                <Key>
                    <PropertyRef Name="Matnr"/>
                </Key>
                <Property Name="Matnr" Type="Edm.String" Nullable="false" MaxLength="18" sap:creatable="false" sap:updatable="false" sap:sortable="false" sap:filterable="false" sap:label="Material"/>
                <Property Name="Spras" Type="Edm.String" Nullable="false" MaxLength="2" sap:creatable="false" sap:updatable="false" sap:sortable="false" sap:filterable="false" sap:label="Language"/>
                <Property Name="Maktx" Type="Edm.String" Nullable="false" MaxLength="40" sap:creatable="false" sap:updatable="false" sap:sortable="false" sap:filterable="false" sap:label="Description"/>
            </EntityType>
            <EntityType Name="Mat0m" sap:content-version="1">
                <Key>
                    <PropertyRef Name="Matnr"/>
                </Key>
                <Property Name="Maktg" Type="Edm.String" Nullable="false" MaxLength="40" sap:creatable="false" sap:updatable="false" sap:sortable="false" sap:filterable="false" sap:label="Description"/>
                <Property Name="Spras" Type="Edm.String" Nullable="false" MaxLength="2" sap:creatable="false" sap:updatable="false" sap:sortable="false" sap:filterable="false" sap:label="Language"/>
                <Property Name="Matnr" Type="Edm.String" Nullable="false" MaxLength="18" sap:creatable="false" sap:updatable="false" sap:sortable="false" sap:filterable="false" sap:label="Material"/>
            </EntityType>
            <EntityType Name="ZrcpSopDelvOutput" sap:content-version="1">
                <Key>
                    <PropertyRef Name="DeliveryNo"/>
                    <PropertyRef Name="DeliveryItem"/>
                </Key>
                <Property Name="DeliveryNo" Type="Edm.String" Nullable="false" MaxLength="10" sap:creatable="false" sap:updatable="false" sap:sortable="false" sap:filterable="false" sap:label="Delivery"/>
                <Property Name="DeliveryItem" Type="Edm.String" Nullable="false" MaxLength="6" sap:creatable="false" sap:updatable="false" sap:sortable="false" sap:filterable="false" sap:label="Item"/>
                <Property Name="Id" Type="Edm.String" Nullable="false" MaxLength="15" sap:creatable="false" sap:updatable="false" sap:sortable="false" sap:filterable="false" sap:label="Char15"/>
                <Property Name="PurchOrder" Type="Edm.String" Nullable="false" MaxLength="10" sap:creatable="false" sap:updatable="false" sap:sortable="false" sap:filterable="false" sap:label="Purchasing Doc."/>
                <Property Name="PoItem" Type="Edm.String" Nullable="false" MaxLength="5" sap:creatable="false" sap:updatable="false" sap:sortable="false" sap:filterable="false" sap:label="Item"/>
                <Property Name="DelDate" Type="Edm.String" Nullable="false" MaxLength="10" sap:creatable="false" sap:updatable="false" sap:sortable="false" sap:filterable="false" sap:label="Character Field Length = 10"/>
                <Property Name="PlanDelCount" Type="Edm.String" Nullable="false" MaxLength="10" sap:creatable="false" sap:updatable="false" sap:sortable="false" sap:filterable="false" sap:label="Del Count"/>
            </EntityType>
            <EntityType Name="ZrcpSopPoOutput" sap:content-version="1">
                <Key>
                    <PropertyRef Name="Id"/>
                </Key>
                <Property Name="Id" Type="Edm.String" Nullable="false" MaxLength="15" sap:creatable="false" sap:updatable="false" sap:sortable="false" sap:filterable="false" sap:hierarchy-node-for="Id" sap:label="Char15"/>
                <Property Name="PurchOrder" Type="Edm.String" Nullable="false" MaxLength="10" sap:creatable="false" sap:updatable="false" sap:sortable="false" sap:filterable="false" sap:label="Purchasing Doc."/>
                <Property Name="PoItem" Type="Edm.String" Nullable="false" MaxLength="5" sap:creatable="false" sap:updatable="false" sap:sortable="false" sap:filterable="false" sap:label="Item"/>
                <Property Name="DelDate" Type="Edm.String" Nullable="false" MaxLength="10" sap:creatable="false" sap:updatable="false" sap:sortable="false" sap:filterable="false" sap:label="Character Field Length = 10"/>
                <Property Name="Material" Type="Edm.String" Nullable="false" MaxLength="18" sap:creatable="false" sap:updatable="false" sap:sortable="false" sap:filterable="false" sap:label="Material"/>
                <Property Name="MatDescp" Type="Edm.String" Nullable="false" MaxLength="40" sap:creatable="false" sap:updatable="false" sap:sortable="false" sap:filterable="false" sap:label="Description"/>
                <Property Name="OrdQuantity" Type="Edm.Decimal" Nullable="false" Precision="13" Scale="3" sap:creatable="false" sap:updatable="false" sap:sortable="false" sap:filterable="false" sap:label="Order Quantity"/>
                <Property Name="Price" Type="Edm.Decimal" Nullable="false" Precision="12" Scale="3" sap:creatable="false" sap:updatable="false" sap:sortable="false" sap:filterable="false" sap:label="Net price"/>
                <Property Name="DelQuantity" Type="Edm.Decimal" Nullable="false" Precision="13" Scale="3" sap:creatable="false" sap:updatable="false" sap:sortable="false" sap:filterable="false" sap:label="Delivered"/>
                <Property Name="OpenQuantity" Type="Edm.Decimal" Nullable="false" Precision="13" Scale="3" sap:creatable="false" sap:updatable="false" sap:sortable="false" sap:filterable="false" sap:label="Open Quantity"/>
                <Property Name="PlanDelCount" Type="Edm.String" Nullable="false" MaxLength="10" sap:creatable="false" sap:updatable="false" sap:sortable="false" sap:filterable="false" sap:label="Del Count"/>
                <Property Name="SupplierCode" Type="Edm.String" Nullable="false" MaxLength="10" sap:creatable="false" sap:updatable="false" sap:sortable="false" sap:filterable="false" sap:label="Vendor"/>
                <Property Name="DeliveryNo" Type="Edm.String" Nullable="false" MaxLength="10" sap:creatable="false" sap:updatable="false" sap:sortable="false" sap:filterable="false" sap:label="Delivery"/>
                <Property Name="DeliveryItem" Type="Edm.String" Nullable="false" MaxLength="6" sap:creatable="false" sap:updatable="false" sap:sortable="false" sap:filterable="false" sap:label="Item"/>
                <Property Name="Level" Type="Edm.Int32" Nullable="false" sap:creatable="false" sap:updatable="false" sap:sortable="false" sap:filterable="false" sap:hierarchy-level-for="Id" sap:label="Number"/>
                <Property Name="ParentId" Type="Edm.String" Nullable="false" MaxLength="15" sap:creatable="false" sap:updatable="false" sap:sortable="false" sap:filterable="false" sap:hierarchy-parent-node-for="Id" sap:label="Char15"/>
                <Property Name="Drilldownstate" Type="Edm.String" Nullable="false" MaxLength="16" sap:creatable="false" sap:updatable="false" sap:sortable="false" sap:filterable="false" sap:hierarchy-drill-state-for="Id" sap:label="Field of length 16"/>
            </EntityType>
            <Association Name="PoToDel" sap:content-version="1">
                <End Type="SUPPLIERONLINEPORTAL.ZrcpSopPoInfo" Multiplicity="1" Role="FromRole_PoToDel"/>
                <End Type="SUPPLIERONLINEPORTAL.ZrcpSopDelList" Multiplicity="*" Role="ToRole_PoToDel"/>
                <ReferentialConstraint>
                    <Principal Role="FromRole_PoToDel">
                        <PropertyRef Name="PurchOrder"/>
                        <PropertyRef Name="PoItem"/>
                    </Principal>
                    <Dependent Role="ToRole_PoToDel">
                        <PropertyRef Name="PurchOrder"/>
                        <PropertyRef Name="PoItem"/>
                    </Dependent>
                </ReferentialConstraint>
            </Association>
            <EntityContainer Name="SUPPLIERONLINEPORTAL_Entities" m:IsDefaultEntityContainer="true" sap:supported-formats="atom json xlsx">
                <EntitySet Name="ZRcpSopSuppListSet" EntityType="SUPPLIERONLINEPORTAL.ZRcpSopSuppList" sap:content-version="1" sap:creatable="false" sap:updatable="false" sap:deletable="false" sap:pageable="false"/>
                <EntitySet Name="ZrcpSopPoInfoSet" EntityType="SUPPLIERONLINEPORTAL.ZrcpSopPoInfo" sap:content-version="1" sap:creatable="false" sap:updatable="false" sap:deletable="false" sap:pageable="false"/>
                <EntitySet Name="ZrcpSopDelListSet" EntityType="SUPPLIERONLINEPORTAL.ZrcpSopDelList" sap:content-version="1" sap:creatable="false" sap:updatable="false" sap:deletable="false" sap:pageable="false"/>
                <EntitySet Name="ZrcpSopDateSet" EntityType="SUPPLIERONLINEPORTAL.ZrcpSopDate" sap:content-version="1" sap:creatable="false" sap:updatable="false" sap:deletable="false" sap:pageable="false"/>
                <EntitySet Name="ZrcpMatSearchSet" EntityType="SUPPLIERONLINEPORTAL.ZrcpMatSearch" sap:content-version="1" sap:creatable="false" sap:updatable="false" sap:deletable="false" sap:pageable="false"/>
                <EntitySet Name="Mat0mSet" EntityType="SUPPLIERONLINEPORTAL.Mat0m" sap:content-version="1" sap:creatable="false" sap:updatable="false" sap:deletable="false" sap:pageable="false"/>
                <EntitySet Name="ZrcpSopDelvOutputSet" EntityType="SUPPLIERONLINEPORTAL.ZrcpSopDelvOutput" sap:content-version="1" sap:creatable="false" sap:updatable="false" sap:deletable="false" sap:pageable="false"/>
                <EntitySet Name="ZrcpSopPoOutputSet" EntityType="SUPPLIERONLINEPORTAL.ZrcpSopPoOutput" sap:content-version="1" sap:creatable="false" sap:updatable="false" sap:deletable="false" sap:pageable="false"/>
                <AssociationSet Name="PoToDelSet" Association="SUPPLIERONLINEPORTAL.PoToDel" deletable="false" creatable="false" updatable="false">
                    <End EntitySet="ZrcpSopPoInfoSet" Role="FromRole_PoToDel"/>
                    <End EntitySet="ZrcpSopDelListSet" Role="ToRole_PoToDel"/>
                </AssociationSet>
            </EntityContainer>
            <atom:link
                xmlns:atom="http://www.w3.org/2005/Atom" rel="self" href="https://gwaas-a4b939626.hana.ondemand.com:443/odata/SAP/SUPPLIERONLINEPORTAL;v=1/$metadata"/>
                <atom:link
                    xmlns:atom="http://www.w3.org/2005/Atom" rel="latest-version" href="https://gwaas-a4b939626.hana.ondemand.com:443/odata/SAP/SUPPLIERONLINEPORTAL;v=1/$metadata"/>
                </Schema>
            </edmx:DataServices>
        </edmx:Edmx>