{
	"default": {
		"a": "91.66666666666667%",
		"width_percentage_value": "97.77777777777777%",
		"c": "\"calc(\"",
		"b": "\" + \"",
		"d": "\"-webkit-calc(\"",
		"e": "\"rem)\"",
		"par1": "-webkit-calc(91.66666666666667% + 1rem)",
		"par2": "calc(91.66666666666667% + 1rem)",
		"f": "1",
		"css-param": "\"1A\"",
		"css-selector": "sapUiBlockLayoutCellColor1A",
		"color-param": "\"_sap_ui_layout_BlockLayout_BlockColorAccentType1A\"",
		"sapBrandColor": "#51a244",
		"sapHighlightColor": "#51a244",
		"sapBaseColor": "#f4f4f4",
		"sapShellColor": "transparent",
		"sapBackgroundColor": "#fafafa",
		"sapFontFamily": "\"72\", \"72full\", Arial, Helvetica, sans-serif",
		"sapFontSize": ".875rem",
		"sapTextColor": "#333333",
		"sapLinkColor": "#51a244",
		"sapCompanyLogo": "url('../../../../../Base/baseLib/upmhybridtheme/img/misc/sapCompanyLogo.png')",
		"sapBackgroundImage": "none",
		"sapBackgroundImageOpacity": "1.0",
		"sapBackgroundImageRepeat": "false",
		"sapSelectedColor": "#51a244",
		"sapActiveColor": "#51a244",
		"sapHighlightTextColor": "#fff",
		"sapTitleColor": "#333333",
		"sapNegativeColor": "#bb0000",
		"sapCriticalColor": "#e78c07",
		"sapPositiveColor": "#2b7c2b",
		"sapNeutralColor": "#5e696e",
		"sapNegativeElementColor": "#bb0000",
		"sapCriticalElementColor": "#e78c07",
		"sapPositiveElementColor": "#2b7c2b",
		"sapNeutralElementColor": "#5e696e",
		"sapContent_LineHeight": "1.4",
		"sapContent_ElementHeight": "500px",
		"sapContent_ElementHeight_PX": "500px",
		"sapContent_IconHeight": "1rem",
		"sapContent_IconColor": "#3f7e35",
		"sapContent_ContrastIconColor": "#fff",
		"sapContent_NonInteractiveIconColor": "#878787",
		"sapContent_MarkerIconColor": "#678bc7",
		"sapContent_MarkerTextColor": "#147575",
		"sapContent_ImagePlaceholderBackground": "#ddd",
		"sapContent_ImagePlaceholderForegroundColor": "#fff",
		"sapContent_FocusColor": "#000",
		"sapContent_ContrastFocusColor": "#fff",
		"sapContent_ShadowColor": "#000",
		"sapContent_ContrastShadowColor": "#fff",
		"sapContent_SearchHighlightColor": "#d4f7db",
		"sapContent_HelpColor": "#3f8600",
		"sapContent_LabelColor": "#666",
		"sapContent_MonospaceFontFamily": "lucida console, monospace",
		"sapContent_DisabledTextColor": "rgba(51,51,51,0.5)",
		"sapContent_DisabledOpacity": "0.5",
		"sapContent_ContrastTextThreshold": "0.65",
		"sapContent_ContrastTextColor": "#fff",
		"sapContent_ForegroundColor": "#e5e5e5",
		"sapContent_ForegroundBorderColor": "#bfbfbf",
		"sapContent_ForegroundTextColor": "#333",
		"sapShell_Background": "#d8d8d8",
		"sapShell_BackgroundImage": "linear-gradient(to bottom, #c7c1c1, #ececec)",
		"sapShell_BackgroundGradient": "linear-gradient(to bottom, #c7c1c1, #ececec)",
		"sapShell_BackgroundImageOpacity": "1.0",
		"sapShell_BackgroundImageRepeat": "false",
		"sapShell_BorderColor": "transparent",
		"sapShell_TextColor": "#3f7e35",
		"sapShell_Favicon": "none",
		"sapButton_BorderWidth": ".0625rem",
		"sapButton_BorderCornerRadius": ".1875rem",
		"sapButton_Background": "#f7f7f7",
		"sapButton_BorderColor": "#ababab",
		"sapButton_TextColor": "#3f7e35",
		"sapButton_Disabled_Background": "lime",
		"sapButton_Disabled_BorderColor": "lime",
		"sapButton_Disabled_TextColor": "lime",
		"sapButton_Hover_Background": "#eaeaea",
		"sapButton_Hover_BorderColor": "#ababab",
		"sapButton_Hover_TextColor": "#3f7e35",
		"sapButton_Emphasized_Background": "#63c653",
		"sapButton_Emphasized_BorderColor": "#52c040",
		"sapButton_Emphasized_TextColor": "#2f3c48",
		"sapButton_Reject_Background": "#f7f7f7",
		"sapButton_Accept_Background": "#f7f7f7",
		"sapField_Background": "#ffffff",
		"sapField_BorderColor": "#bfbfbf",
		"sapField_TextColor": "#000",
		"sapField_HelpBackground": "#ffffff",
		"sapField_BorderWidth": ".0625rem",
		"sapField_BorderCornerRadius": "0",
		"sapField_Hover_Background": "#ffffff",
		"sapField_Hover_BorderColor": "#51a244",
		"sapField_Hover_HelpBackground": "#51a244",
		"sapField_Focus_Background": "#ffffff",
		"sapField_Focus_BorderColor": "#bfbfbf",
		"sapField_Focus_HelpBackground": "#ffffff",
		"sapField_Disabled_Background": "lime",
		"sapField_Disabled_BorderColor": "lime",
		"sapField_Disabled_TextColor": "rgba(0,0,0,0.5)",
		"sapField_Disabled_HelpBackground": "lime",
		"sapField_ReadOnly_Background": "rgba(242,242,242,0.5)",
		"sapField_ReadOnly_BorderColor": "#ccc",
		"sapField_ReadOnly_HelpBackground": "rgba(242,242,242,0.5)",
		"sapField_RequiredColor": "#c14646",
		"sapField_InvalidColor": "#e00",
		"sapField_InvalidBackground": "#ffffff",
		"sapField_WarningColor": "#f9a429",
		"sapField_WarningBackground": "#ffffff",
		"sapField_SuccessColor": "#38a238",
		"sapField_SuccessBackground": "#ffffff",
		"sapGroup_TitleBackground": "transparent",
		"sapGroup_TitleBorderColor": "#ccc",
		"sapGroup_TitleTextColor": "#333",
		"sapGroup_Title_FontSize": ".875rem",
		"sapGroup_ContentBackground": "#fff",
		"sapGroup_ContentBorderColor": "#ebebeb",
		"sapGroup_BorderWidth": ".0625rem",
		"sapGroup_BorderCornerRadius": "0",
		"sapGroup_FooterBackground": "transparent",
		"sapToolbar_Background": "transparent",
		"sapToolbar_SeparatorColor": "rgba(63,81,97,0.2)",
		"sapList_HeaderBackground": "#f7f7f7",
		"sapList_HeaderBorderColor": "#e5e5e5",
		"sapList_HeaderTextColor": "#333",
		"sapList_BorderColor": "#e5e5e5",
		"sapList_BorderWidth": ".0625rem",
		"sapList_HighlightColor": "#51a244",
		"sapList_SelectionBackgroundColor": "#e5f3e3",
		"sapList_Background": "#ffffff",
		"sapList_Hover_Background": "#f0f0f0",
		"sapScrollBar_FaceColor": "#b2b2b2",
		"sapScrollBar_TrackColor": "#fff",
		"sapScrollBar_BorderColor": "#b2b2b2",
		"sapScrollBar_SymbolColor": "#3f7e35",
		"sapScrollBar_Dimension": ".7rem",
		"sapScrollBar_Hover_FaceColor": "#aaa",
		"sapPageHeader_Background": "#f4f4f4",
		"sapPageHeader_BorderColor": "#e0e0e0",
		"sapPageHeader_TextColor": "#666",
		"sapPageFooter_Background": "#ffffff",
		"sapPageFooter_TextColor": "#333",
		"sapInfobar_Background": "#168282",
		"sapObjectHeader_Background": "#f4f4f4",
		"sapBlockLayer_Background": "#000",
		"sapTile_Background": "#ffffff",
		"sapTile_BorderColor": "transparent",
		"sapTile_TitleTextColor": "#333",
		"sapTile_TextColor": "#666",
		"sapTile_IconColor": "#51a244",
		"sapChart_OrderedColor_1": "#5899da",
		"sapChart_OrderedColor_2": "#e8743b",
		"sapChart_OrderedColor_3": "#19a979",
		"sapChart_OrderedColor_4": "#ed4a7b",
		"sapChart_OrderedColor_5": "#945ecf",
		"sapChart_OrderedColor_6": "#13a4b4",
		"sapChart_OrderedColor_7": "#525df4",
		"sapChart_OrderedColor_8": "#bf399e",
		"sapChart_OrderedColor_9": "#6c8893",
		"sapChart_OrderedColor_10": "#ee6868",
		"sapChart_OrderedColor_11": "#2f6497",
		"sapChart_Bad": "#dc0d0e",
		"sapChart_Critical": "#de890d",
		"sapChart_Good": "#3fa45b",
		"sapChart_Neutral": "#848f94",
		"sapChart_Sequence_1": "#5899da",
		"sapChart_Sequence_2": "#e8743b",
		"sapChart_Sequence_3": "#19a979",
		"sapChart_Sequence_4": "#ed4a7b",
		"sapChart_Sequence_5": "#945ecf",
		"sapChart_Sequence_6": "#13a4b4",
		"sapChart_Sequence_7": "#525df4",
		"sapChart_Sequence_8": "#bf399e",
		"sapChart_Sequence_9": "#6c8893",
		"sapChart_Sequence_10": "#ee6868",
		"sapChart_Sequence_11": "#2f6497",
		"sapChart_Sequence_Neutral": "#848f94",
		"sapUiBrand": "#51a244",
		"sapUiHighlight": "#51a244",
		"sapUiBaseColor": "#f4f4f4",
		"sapUiShellColor": "transparent",
		"sapUiBaseBG": "#fafafa",
		"sapUiGlobalBackgroundColor": "#fafafa",
		"sapUiBaseText": "#333333",
		"sapUiLink": "#51a244",
		"sapUiGlobalLogo": "url('../../../../../Base/baseLib/upmhybridtheme/img/misc/sapCompanyLogo.png')",
		"sapUiGlobalBackgroundImage": "none",
		"sapUiBackgroundImage": "none",
		"sapUiUx3ShellBackgroundImageURL": "none",
		"sapUiGlobalBackgroundImageOpacity": "1.0",
		"sapUiGlobalBackgroundRepeat": "false",
		"sapUiSelected": "#51a244",
		"sapUiActive": "#51a244",
		"sapUiHighlightTextColor": "#fff",
		"sapUiTextTitle": "#333333",
		"sapUiContentIconColor": "#3f7e35",
		"sapUiContentContrastIconColor": "#fff",
		"sapUiContentNonInteractiveIconColor": "#878787",
		"sapUiContentMarkerIconColor": "#678bc7",
		"sapUiContentMarkerTextColor": "#147575",
		"sapUiContentImagePlaceholderBackground": "#ddd",
		"sapUiContentImagePlaceholderForegroundColor": "#fff",
		"sapUiContentFocusColor": "#000",
		"sapUiContentContrastFocusColor": "#fff",
		"sapUiContentShadowColor": "#000",
		"sapUiContentContrastShadowColor": "#fff",
		"sapUiContentSearchHighlightColor": "#d4f7db",
		"sapUiContentHelpColor": "#3f8600",
		"sapUiContentLabelColor": "#666",
		"sapUiContentDisabledTextColor": "rgba(51,51,51,0.5)",
		"sapUiContentDisabledOpacity": "0.5",
		"sapUiContentContrastTextThreshold": "0.65",
		"sapUiContentContrastTextColor": "#fff",
		"sapUiContentForegroundColor": "#e5e5e5",
		"sapUiContentForegroundBorderColor": "#bfbfbf",
		"sapUiContentForegroundTextColor": "#333",
		"sapUiShellBackground": "#d8d8d8",
		"sapUiShellBackgroundImage": "linear-gradient(to bottom, #c7c1c1, #ececec)",
		"sapUiShellBackgroundImageOpacity": "1.0",
		"sapUiShellBackgroundImageRepeat": "false",
		"sapUiShellBackgroundGradient": "linear-gradient(to bottom, #c7c1c1, #ececec)",
		"sapUiShellBorderColor": "transparent",
		"sapUiShellTextColor": "#3f7e35",
		"sapUiShellFavicon": "none",
		"sapUiButtonBackground": "#f7f7f7",
		"sapUiButtonBorderColor": "#ababab",
		"sapUiButtonTextColor": "#3f7e35",
		"sapUiButtonDisabledBackground": "lime",
		"sapUiButtonDisabledBorderColor": "lime",
		"sapUiButtonDisabledTextColor": "lime",
		"sapUiButtonHoverBackground": "#eaeaea",
		"sapUiButtonHoverBorderColor": "#ababab",
		"sapUiButtonHoverTextColor": "#3f7e35",
		"sapUiButtonEmphasizedBackground": "#63c653",
		"sapUiButtonEmphasizedBorderColor": "#52c040",
		"sapUiButtonEmphasizedTextColor": "#2f3c48",
		"sapUiButtonRejectBackground": "#f7f7f7",
		"sapUiButtonAcceptBackground": "#f7f7f7",
		"sapUiFieldBackground": "#ffffff",
		"sapUiFieldBorderColor": "#bfbfbf",
		"sapUiFieldTextColor": "#000",
		"sapUiFieldHelpBackground": "#ffffff",
		"sapUiFieldHoverBackground": "#ffffff",
		"sapUiFieldHoverBorderColor": "#51a244",
		"sapUiFieldHoverHelpBackground": "#51a244",
		"sapUiFieldFocusBackground": "#ffffff",
		"sapUiFieldFocusBorderColor": "#bfbfbf",
		"sapUiFieldFocusHelpBackground": "#ffffff",
		"sapUiFieldReadOnlyBackground": "rgba(242,242,242,0.5)",
		"sapUiFieldReadOnlyBorderColor": "#ccc",
		"sapUiFieldReadOnlyHelpBackground": "rgba(242,242,242,0.5)",
		"sapUiFieldDisabledBackground": "lime",
		"sapUiFieldDisabledBorderColor": "lime",
		"sapUiFieldDisabledTextColor": "rgba(0,0,0,0.5)",
		"sapUiFieldDisabledHelpBackground": "lime",
		"sapUiFieldRequiredColor": "#c14646",
		"sapUiFieldInvalidColor": "#e00",
		"sapUiFieldInvalidBackground": "#ffffff",
		"sapUiFieldWarningColor": "#f9a429",
		"sapUiFieldWarningBackground": "#ffffff",
		"sapUiFieldSuccessColor": "#38a238",
		"sapUiFieldSuccessBackground": "#ffffff",
		"sapUiGroupTitleBackground": "transparent",
		"sapUiGroupTitleBorderColor": "#ccc",
		"sapUiGroupTitleTextColor": "#333",
		"sapUiGroupContentBackground": "#fff",
		"sapUiGroupContentBorderColor": "#ebebeb",
		"sapUiGroupFooterBackground": "transparent",
		"sapUiToolbarBackground": "transparent",
		"sapUiToolbarSeparatorColor": "rgba(63,81,97,0.2)",
		"sapUiListHeaderBackground": "#f7f7f7",
		"sapUiListHeaderBorderColor": "#e5e5e5",
		"sapUiListHeaderTextColor": "#333",
		"sapUiListBorderColor": "#e5e5e5",
		"sapUiListHighlightColor": "#51a244",
		"sapUiListSelectionBackgroundColor": "#e5f3e3",
		"sapUiListBackground": "#ffffff",
		"sapUiListHoverBackground": "#f0f0f0",
		"sapUiScrollBarFaceColor": "#b2b2b2",
		"sapUiScrollBarTrackColor": "#fff",
		"sapUiScrollBarBorderColor": "#b2b2b2",
		"sapUiScrollBarSymbolColor": "#3f7e35",
		"sapUiScrollBarHoverFaceColor": "#aaa",
		"sapUiPageHeaderBackground": "#f4f4f4",
		"sapUiPageHeaderBorderColor": "#e0e0e0",
		"sapUiPageHeaderTextColor": "#666",
		"sapUiPageFooterBackground": "#ffffff",
		"sapUiPageFooterTextColor": "#333",
		"sapUiInfobarBackground": "#168282",
		"sapUiObjectHeaderBackground": "#f4f4f4",
		"sapUiBlockLayerBackground": "#000",
		"sapUiTileBackground": "#ffffff",
		"sapUiTileBorderColor": "transparent",
		"sapUiTileTitleTextColor": "#333",
		"sapUiTileTextColor": "#666",
		"sapUiTileIconColor": "#51a244",
		"sapUiChart1": "#5899da",
		"sapUiChart2": "#e8743b",
		"sapUiChart3": "#19a979",
		"sapUiChart4": "#ed4a7b",
		"sapUiChart5": "#945ecf",
		"sapUiChart6": "#13a4b4",
		"sapUiChart7": "#525df4",
		"sapUiChart8": "#bf399e",
		"sapUiChart9": "#6c8893",
		"sapUiChart10": "#ee6868",
		"sapUiChart11": "#2f6497",
		"sapUiChartBad": "#dc0d0e",
		"sapUiChartCritical": "#de890d",
		"sapUiChartGood": "#3fa45b",
		"sapUiChartNeutral": "#848f94",
		"sapUiChartSequence1": "#5899da",
		"sapUiChartSequence2": "#e8743b",
		"sapUiChartSequence3": "#19a979",
		"sapUiChartSequence4": "#ed4a7b",
		"sapUiChartSequence5": "#945ecf",
		"sapUiChartSequence6": "#13a4b4",
		"sapUiChartSequence7": "#525df4",
		"sapUiChartSequence8": "#bf399e",
		"sapUiChartSequence9": "#6c8893",
		"sapUiChartSequence10": "#ee6868",
		"sapUiChartSequence11": "#2f6497",
		"sapUiChartSequenceNeutral": "#848f94",
		"sapUiAccent1": "#e09d00",
		"sapUiAccent2": "#e6600d",
		"sapUiAccent3": "#c14646",
		"sapUiAccent4": "#ab218e",
		"sapUiAccent5": "#678bc7",
		"sapUiAccent6": "#0092d1",
		"sapUiAccent7": "#1a9898",
		"sapUiAccent8": "#759421",
		"sapUiErrorBG": "#ffe4e4",
		"sapUiWarningBG": "#fef0db",
		"sapUiSuccessBG": "#e4f5e4",
		"sapUiNeutralBG": "#f4f5f6",
		"sapUiErrorBorder": "#e00",
		"sapUiWarningBorder": "#f9a429",
		"sapUiSuccessBorder": "#38a238",
		"sapUiNeutralBorder": "#5e696e",
		"sapUiNegativeElement": "#bb0000",
		"sapUiCriticalElement": "#e78c07",
		"sapUiPositiveElement": "#2b7c2b",
		"sapUiNeutralElement": "#5e696e",
		"sapUiNegativeText": "#bb0000",
		"sapUiCriticalText": "#e78c07",
		"sapUiPositiveText": "#2b7c2b",
		"sapUiNeutralText": "#5e696e",
		"sapUiNegative": "#bb0000",
		"sapUiCritical": "#e78c07",
		"sapUiPositive": "#2b7c2b",
		"sapUiNeutral": "#5e696e",
		"sapUiErrorColor": "#e00",
		"sapUiWarningColor": "#f9a429",
		"sapUiSuccessColor": "#38a238",
		"sapUiFontFamily": "\"72\", \"72full\", Arial, Helvetica, sans-serif",
		"sapUiFontSize": "16px",
		"sapUiFontCondensedFamily": "'Arial Narrow', HelveticaNeue-CondensedBold, Arial, sans-serif",
		"sapUiFontHeaderFamily": "\"72\", \"72full\", Arial, Helvetica, sans-serif",
		"sapUiFontHeaderWeight": "normal",
		"sapMFontHeader1Size": "1.625rem",
		"sapMFontHeader2Size": "1.375rem",
		"sapMFontHeader3Size": "1.250rem",
		"sapMFontHeader4Size": "1.125rem",
		"sapMFontHeader5Size": "1rem",
		"sapMFontHeader6Size": "0.875rem",
		"sapMFontSmallSize": "0.75rem",
		"sapMFontMediumSize": "0.875rem",
		"sapMFontLargeSize": "1rem",
		"sapUiTranslucentBGOpacity": "0",
		"sapMPlatformDependent": "false",
		"sapUiDesktopFontFamily": "\"72\", \"72full\", Arial, Helvetica, sans-serif",
		"sapUiDesktopFontSize": "12px",
		"sapUiFontLargeSize": "13px",
		"sapUiFontSmallSize": "11px",
		"sapUiFontHeader1Size": "26px",
		"sapUiFontHeader2Size": "20px",
		"sapUiFontHeader3Size": "18px",
		"sapUiFontHeader4Size": "16px",
		"sapUiFontHeader5Size": "14px",
		"sapUiFontHeader6Size": "13px",
		"sapUiLineHeight": "18px",
		"sapUiChartLabelHoverColor": "#eaeaea",
		"sapUiChartLabelPressedColor": "#ccc",
		"sapUiChartCategoryAxisLabelFontColor": "#333",
		"sapUiChartValueAxisLabelFontColor": "#707070",
		"sapUiChartCategoryAxisLabelFontSize": "0.75rem",
		"sapUiChartValueAxisLabelFontSize": "0.75rem",
		"sapUiChartCategoryAxisLineColor": "#ccc",
		"sapUiChartValueAxisLineColor": "#ccc",
		"sapUiChartCategoryAxisTickColor": "#ccc",
		"sapUiChartValueAxisTickColor": "#ccc",
		"sapUiChartBackgroundColor": "transparent",
		"sapUiChartLabelFontWeight": "normal",
		"sapUiChartLegendLabelFontColor": "#333",
		"sapUiChartLegendTitleFontColor": "#333",
		"sapUiChartLegendTitleFontSize": "0.875rem",
		"sapUiChartLegendLabelFontSize": "0.75rem",
		"sapUiChartPaletteUndefinedColor": "#000",
		"sapUiChartGridlineColor": "#e5e5e5",
		"sapUiChartReferenceLineColor": "#333",
		"sapUiChartDataLabelFontColor": "#000",
		"sapUiChartReferenceLineLabelColor": "#000",
		"sapUiChartDataLabelFontSize": "0.75rem",
		"sapUiChartPopoverDataItemFontColor": "#000",
		"sapUiChartPopoverGroupFontColor": "#333",
		"sapUiChartPopoverDataItemFontSize": "0.875rem",
		"sapUiChartPopoverGroupFontSize": "0.875rem",
		"sapUiChartPopoverGroupFontWeight": "bold",
		"sapUiChartScrollBarThumbColor": "#b2b2b2",
		"sapUiChartScrollBarTrackColor": "#fff",
		"sapUiChartScrollBarThumbHoverColor": "#aaa",
		"sapUiChartMainTitleFontColor": "#333",
		"sapUiChartAxisTitleFontColor": "#333",
		"sapUiChartMainTitleFontSize": "1rem",
		"sapUiChartAxisTitleFontSize": "0.875rem",
		"sapUiChartTitleFontWeight": "bold",
		"sapUiChartLightText": "#707070",
		"sapUiChartZeroAxisColor": "#666",
		"sapUiChartDataPointBorderColor": "#fff",
		"sapUiChartDataPointBorderHoverSelectedColor": "#666",
		"sapUiChartDataPointNotSelectedBackgroundOpacity": "0.6",
		"sapUiChartValueAxisLineOpacity": "0",
		"sapUiChartCategoryAxisLabelFontHoverColor": "#333",
		"sapUiChartCategoryAxisLabelFontPressedColor": "#333",
		"sapUiChartTargetColor": "#333",
		"sapUiChartTargetShadowColor": "#fff",
		"sapUiChartBubbleBGOpacity": "0.8",
		"sapUiChartScrollbarBorderColor": "#f2f2f2",
		"sapUiChartScrollbarBorderSize": "0",
		"sapUiChartScrollbarThumbPadding": "0",
		"sapUiChartNegativeLargeText": "#dc0d0e",
		"sapUiChartCriticalLargeText": "#de890d",
		"sapUiChartPositiveLargeText": "#3fa45b",
		"sapUiChartNeutralLargeText": "#6a757b",
		"sapUiChartDataPointBG": "#d6dadb",
		"sapUiChartDataPointBGBorderColor": "#d6dadb",
		"sapUiChartDataLineColorWithBG": "#333",
		"sapUiChartDataLineColor": "#333",
		"sapUiChartRadialRemainingCircle": "#e3e6e7",
		"sapUiChartRadialRemainingCircleBorderColor": "#e3e6e7",
		"sapUiChartRadialBG": "#fff",
		"sapUiChartPaletteQualitativeHue1": "#5899da",
		"sapUiChartPaletteQualitativeHue2": "#e8743b",
		"sapUiChartPaletteQualitativeHue3": "#19a979",
		"sapUiChartPaletteQualitativeHue4": "#ed4a7b",
		"sapUiChartPaletteQualitativeHue5": "#945ecf",
		"sapUiChartPaletteQualitativeHue6": "#13a4b4",
		"sapUiChartPaletteQualitativeHue7": "#525df4",
		"sapUiChartPaletteQualitativeHue8": "#bf399e",
		"sapUiChartPaletteQualitativeHue9": "#6c8893",
		"sapUiChartPaletteQualitativeHue10": "#ee6868",
		"sapUiChartPaletteQualitativeHue11": "#2f6497",
		"sapUiChartPaletteQualitativeHue12": "#1866b4",
		"sapUiChartPaletteQualitativeHue13": "#cc4300",
		"sapUiChartPaletteQualitativeHue14": "#03724e",
		"sapUiChartPaletteQualitativeHue15": "#d70947",
		"sapUiChartPaletteQualitativeHue16": "#7629cc",
		"sapUiChartPaletteQualitativeHue17": "#087682",
		"sapUiChartPaletteQualitativeHue18": "#2631d4",
		"sapUiChartPaletteQualitativeHue19": "#921473",
		"sapUiChartPaletteQualitativeHue20": "#3c6372",
		"sapUiChartPaletteQualitativeHue21": "#d52f2f",
		"sapUiChartPaletteQualitativeHue22": "#144a7f",
		"sapUiChartPaletteSemanticBadLight3": "#f99494",
		"sapUiChartPaletteSemanticBadLight2": "#f66364",
		"sapUiChartPaletteSemanticBadLight1": "#f33334",
		"sapUiChartPaletteSemanticBad": "#dc0d0e",
		"sapUiChartPaletteSemanticBadDark1": "#b90c0d",
		"sapUiChartPaletteSemanticBadDark2": "#93090a",
		"sapUiChartPaletteSemanticCriticalLight3": "#f8cc8c",
		"sapUiChartPaletteSemanticCriticalLight2": "#f5b04d",
		"sapUiChartPaletteSemanticCriticalLight1": "#f29b1d",
		"sapUiChartPaletteSemanticCritical": "#de890d",
		"sapUiChartPaletteSemanticCriticalDark1": "#c67a0c",
		"sapUiChartPaletteSemanticCriticalDark2": "#a4650a",
		"sapUiChartPaletteSemanticGoodLight3": "#a1dbb1",
		"sapUiChartPaletteSemanticGoodLight2": "#71c989",
		"sapUiChartPaletteSemanticGoodLight1": "#4cba6b",
		"sapUiChartPaletteSemanticGood": "#3fa45b",
		"sapUiChartPaletteSemanticGoodDark1": "#358a4d",
		"sapUiChartPaletteSemanticGoodDark2": "#2a6d3c",
		"sapUiChartPaletteSemanticNeutralLight3": "#d6dadb",
		"sapUiChartPaletteSemanticNeutralLight2": "#bac1c4",
		"sapUiChartPaletteSemanticNeutralLight1": "#9ea8ad",
		"sapUiChartPaletteSemanticNeutral": "#848f94",
		"sapUiChartPaletteSemanticNeutralDark1": "#6a757b",
		"sapUiChartPaletteSemanticNeutralDark2": "#596368",
		"sapUiChartPaletteSequentialHue1Light3": "#b3d4f5",
		"sapUiChartPaletteSequentialHue1Light2": "#93bfeb",
		"sapUiChartPaletteSequentialHue1Light1": "#74abe2",
		"sapUiChartPaletteSequentialHue1": "#5899da",
		"sapUiChartPaletteSequentialHue1Dark1": "#367dc4",
		"sapUiChartPaletteSequentialHue1Dark2": "#1866b4",
		"sapUiChartPaletteSequentialHue2Light3": "#ffb08a",
		"sapUiChartPaletteSequentialHue2Light2": "#f3b89b",
		"sapUiChartPaletteSequentialHue2Light1": "#f08957",
		"sapUiChartPaletteSequentialHue2": "#e8743b",
		"sapUiChartPaletteSequentialHue2Dark1": "#da5a1b",
		"sapUiChartPaletteSequentialHue2Dark2": "#cc4300",
		"sapUiChartPaletteSequentialHue3Light3": "#8fd1bb",
		"sapUiChartPaletteSequentialHue3Light2": "#66c2a3",
		"sapUiChartPaletteSequentialHue3Light1": "#3fb68f",
		"sapUiChartPaletteSequentialHue3": "#19a979",
		"sapUiChartPaletteSequentialHue3Dark1": "#0d8c62",
		"sapUiChartPaletteSequentialHue3Dark2": "#03724e",
		"sapUiChartPaletteSequentialHue4Light3": "#f8b4c9",
		"sapUiChartPaletteSequentialHue4Light2": "#f490ae",
		"sapUiChartPaletteSequentialHue4Light1": "#f06a93",
		"sapUiChartPaletteSequentialHue4": "#ed4a7b",
		"sapUiChartPaletteSequentialHue4Dark1": "#e32b62",
		"sapUiChartPaletteSequentialHue4Dark2": "#d70947",
		"sapUiChartPaletteSequentialHue5Light3": "#d3bdeb",
		"sapUiChartPaletteSequentialHue5Light2": "#be9de2",
		"sapUiChartPaletteSequentialHue5Light1": "#a97dd8",
		"sapUiChartPaletteSequentialHue5": "#945ecf",
		"sapUiChartPaletteSequentialHue5Dark1": "#8746ce",
		"sapUiChartPaletteSequentialHue5Dark2": "#7629cc",
		"sapUiChartPaletteSequentialHue6Light3": "#81d1da",
		"sapUiChartPaletteSequentialHue6Light2": "#5ac2ce",
		"sapUiChartPaletteSequentialHue6Light1": "#39b4c1",
		"sapUiChartPaletteSequentialHue6": "#13a4b4",
		"sapUiChartPaletteSequentialHue6Dark1": "#0d8d9c",
		"sapUiChartPaletteSequentialHue6Dark2": "#087682",
		"sapUiChartPaletteSequentialHue7Light3": "#99a0f9",
		"sapUiChartPaletteSequentialHue7Light2": "#828af7",
		"sapUiChartPaletteSequentialHue7Light1": "#6973f6",
		"sapUiChartPaletteSequentialHue7": "#525df4",
		"sapUiChartPaletteSequentialHue7Dark1": "#3945e4",
		"sapUiChartPaletteSequentialHue7Dark2": "#2631d4",
		"sapUiChartPaletteSequentialHue8Light3": "#e598d2",
		"sapUiChartPaletteSequentialHue8Light2": "#d877c0",
		"sapUiChartPaletteSequentialHue8Light1": "#cd59b1",
		"sapUiChartPaletteSequentialHue8": "#bf399e",
		"sapUiChartPaletteSequentialHue8Dark1": "#a92689",
		"sapUiChartPaletteSequentialHue8Dark2": "#921473",
		"sapUiChartPaletteSequentialHue9Light3": "#d1d9db",
		"sapUiChartPaletteSequentialHue9Light2": "#adbcc3",
		"sapUiChartPaletteSequentialHue9Light1": "#8ca2ab",
		"sapUiChartPaletteSequentialHue9": "#6c8893",
		"sapUiChartPaletteSequentialHue9Dark1": "#547582",
		"sapUiChartPaletteSequentialHue9Dark2": "#3c6372",
		"sapUiChartPaletteSequentialHue10Light3": "#fccaca",
		"sapUiChartPaletteSequentialHue10Light2": "#f8a6a6",
		"sapUiChartPaletteSequentialHue10Light1": "#f38787",
		"sapUiChartPaletteSequentialHue10": "#ee6868",
		"sapUiChartPaletteSequentialHue10Dark1": "#e14c4c",
		"sapUiChartPaletteSequentialHue10Dark2": "#d52f2f",
		"sapUiChartPaletteSequentialHue11Light3": "#85a1bb",
		"sapUiChartPaletteSequentialHue11Light2": "#698daf",
		"sapUiChartPaletteSequentialHue11Light1": "#4d79a2",
		"sapUiChartPaletteSequentialHue11": "#2f6497",
		"sapUiChartPaletteSequentialHue11Dark1": "#245a8e",
		"sapUiChartPaletteSequentialHue11Dark2": "#144a7f",
		"sapUiChartPaletteSequentialNeutralLight3": "#d6dadb",
		"sapUiChartPaletteSequentialNeutralLight2": "#bac1c4",
		"sapUiChartPaletteSequentialNeutralLight1": "#9ea8ad",
		"sapUiChartPaletteSequentialNeutral": "#848f94",
		"sapUiChartPaletteSequentialNeutralDark1": "#6a757b",
		"sapUiChartPaletteSequentialNeutralDark2": "#596368",
		"sapUiChoroplethBG": "#f7f7f8",
		"sapUiChoroplethRegionBorder": "#fff",
		"sapUiChoroplethRegionBG": "#bac1c4",
		"sapUiMapLegendBG": "#fff",
		"sapUiMapLegendBorderColor": "#ccc",
		"sapUiShellHoverBackground": "#3f7e35",
		"sapUiShellActiveBackground": "#32652a",
		"sapUiShellActiveTextColor": "#fff",
		"sapUiShellHoverToggleBackground": "#182f14",
		"sapUiShellContainerBackground": "#fff",
		"sapUiShellAltContainerBackground": "#968b8b",
		"sapUiShellGroupTextColor": "#303030",
		"sapUiUx3ShellHeaderColor": "transparent",
		"sapUiUx3ShellBackgroundColor": "#eff4f9",
		"sapUiUx3ShellHoverColor": "#787878",
		"sapUiUx3ShellGradientBottom": "transparent",
		"sapUiUx3ShellGradientTop": "rgba(68,162,69,0.03)",
		"sapUiUx3ShellToolPaletteIconFontColor": "#889eb1",
		"sapUiUx3ExactLstExpandOffset": "-1 -2",
		"sapUiUx3ExactLstRootExpandOffset": "0 3",
		"sapUiUx3ExactLstContentTop": "25px",
		"sapUiLinkActive": "#51a244",
		"sapUiLinkVisited": "#51a244",
		"sapUiLinkHover": "#51a244",
		"sapUiLinkInverted": "#cee9c9",
		"sapUiNotificationBarBG": "rgba(51,51,51,0.98)",
		"sapUiNotifierSeparator": "#000",
		"sapUiNotifierSeparatorWidth": "1px",
		"sapUiNotificationBarBorder": "#666",
		"sapUiUx3ToolPopupInverted": "false",
		"sapUiUx3ToolPopupArrowRightMarginCorrection": "-1px",
		"sapUiUx3ToolPopupShadow": "0px 6px 12px 0px rgba(0,0,0,0.3)",
		"sapUiCalloutShadow": "0px 6px 12px 0px rgba(0,0,0,0.3)",
		"sapUiButtonIconColor": "#3f7e35",
		"sapUiButtonActiveBackground": "#51a244",
		"sapUiButtonActiveBorderColor": "#51a244",
		"sapUiButtonActiveTextColor": "#fff",
		"sapUiButtonEmphasizedHoverBackground": "#52c040",
		"sapUiButtonEmphasizedHoverBorderColor": "#52c040",
		"sapUiButtonEmphasizedActiveBackground": "#51a244",
		"sapUiButtonEmphasizedActiveBorderColor": "#51a244",
		"sapUiButtonEmphasizedTextShadow": "#fff",
		"sapUiButtonAcceptBorderColor": "#2b7c2b",
		"sapUiButtonAcceptHoverBackground": "#eaeaea",
		"sapUiButtonAcceptHoverBorderColor": "#2b7c2b",
		"sapUiButtonAcceptActiveBackground": "#2b7c2b",
		"sapUiButtonAcceptActiveBorderColor": "#2b7c2b",
		"sapUiButtonAcceptTextColor": "#2b7c2b",
		"sapUiButtonRejectBorderColor": "#bb0000",
		"sapUiButtonRejectHoverBackground": "#eaeaea",
		"sapUiButtonRejectHoverBorderColor": "#bb0000",
		"sapUiButtonRejectActiveBackground": "#bb0000",
		"sapUiButtonRejectActiveBorderColor": "#bb0000",
		"sapUiButtonRejectTextColor": "#b00",
		"sapUiButtonLiteBackground": "transparent",
		"sapUiButtonLiteBorderColor": "transparent",
		"sapUiButtonLiteTextColor": "#3f7e35",
		"sapUiButtonLiteHoverBackground": "rgba(178,178,178,0.5)",
		"sapUiButtonLiteHoverBorderColor": "rgba(178,178,178,0.5)",
		"sapUiButtonLiteActiveBackground": "#51a244",
		"sapUiButtonLiteActiveBorderColor": "#51a244",
		"sapUiButtonHeaderTextColor": "#3f7e35",
		"sapUiButtonHeaderDisabledTextColor": "#3f7e35",
		"sapUiButtonFooterTextColor": "#3f7e35",
		"sapUiButtonFooterHoverBackground": "rgba(178,178,178,0.5)",
		"sapUiButtonActionSelectBackground": "#ffffff",
		"sapUiButtonActionSelectBorderColor": "#e5e5e5",
		"sapUiButtonLiteActionSelectHoverBackground": "#f0f0f0",
		"sapUiToggleButtonPressedBackground": "#3f7e35",
		"sapUiToggleButtonPressedBorderColor": "#366c2d",
		"sapUiToggleButtonPressedTextColor": "#fff",
		"sapUiToggleButtonPressedHoverBackground": "#51a244",
		"sapUiToggleButtonPressedHoverBorderColor": "#51a244",
		"sapUiSegmentedButtonBackground": "#fff",
		"sapUiSegmentedButtonBorderColor": "#bfbfbf",
		"sapUiSegmentedButtonTextColor": "#3f7e35",
		"sapUiSegmentedButtonHoverBackground": "#eaeaea",
		"sapUiSegmentedButtonActiveBackground": "#51a244",
		"sapUiSegmentedButtonActiveTextColor": "#fff",
		"sapUiSegmentedButtonSelectedBackground": "#3f7e35",
		"sapUiSegmentedButtonSelectedTextColor": "#fff",
		"sapUiSegmentedButtonSelectedHoverBackground": "#51a244",
		"sapUiSegmentedButtonSelectedHoverBorderColor": "#51a244",
		"sapUiSegmentedButtonIconColor": "#3f7e35",
		"sapUiSegmentedButtonActiveIconColor": "#fff",
		"sapUiSegmentedButtonSelectedIconColor": "#fff",
		"sapUiSegmentedButtonFooterBorderColor": "#bfbfbf",
		"sapUiSegmentedButtonFooterHoverBackground": "#eaeaea",
		"sapUiFieldActiveBackground": "#51a244",
		"sapUiFieldActiveBorderColor": "#51a244",
		"sapUiFieldActiveTextColor": "#fff",
		"sapUiFieldPlaceholderTextColor": "#757575",
		"sapUiListTextColor": "#333333",
		"sapUiListVerticalBorderColor": "#ddd",
		"sapUiListActiveBackground": "#51a244",
		"sapUiListActiveTextColor": "#fff",
		"sapUiListSelectionHoverBackground": "#dbeed8",
		"sapUiListFooterBackground": "#ddd",
		"sapUiListFooterTextColor": "#333",
		"sapUiListGroupHeaderBackground": "#ffffff",
		"sapUiListTableGroupHeaderBackground": "#f2f2f2",
		"sapUiListTableGroupHeaderBorderColor": "#ccc",
		"sapUiListTableGroupHeaderTextColor": "#147575",
		"sapUiListTableFooterBorder": "#ccc",
		"sapUiListTableFixedBorder": "#999",
		"sapUiListTableTextSize": "0.875rem",
		"sapUiListTableIconSize": "1rem",
		"sapUiPageFooterBorderColor": "#ebebeb",
		"sapUiInfobarHoverBackground": "#147575",
		"sapUiInfobarActiveBackground": "#51a244",
		"sapUiObjectHeaderBorderColor": "#e0e0e0",
		"sapUiCalendarColorToday": "#ab218e",
		"sapUiDragAndDropColor": "#878787",
		"sapUiDragAndDropBackground": "#fff",
		"sapUiDragAndDropBorderColor": "#bfbfbf",
		"sapUiDragAndDropActiveColor": "#51a244",
		"sapUiDragAndDropActiveBackground": "rgba(81,162,68,0.05)",
		"sapUiDragAndDropActiveBorderColor": "#51a244",
		"sapUiShadowLevel0": "0 0 0 1px rgba(0,0,0,0.15)",
		"sapUiShadowLevel1": "0 0.125rem 0.5rem 0 rgba(0,0,0,0.15), 0 0 0 1px rgba(0,0,0,0.15)",
		"sapUiShadowLevel2": "0 0.625rem 1.875rem 0 rgba(0,0,0,0.15), 0 0 0 1px rgba(0,0,0,0.15)",
		"sapUiShadowLevel3": "0 1.25rem 5rem 0 rgba(0,0,0,0.15), 0 0 0 1px rgba(0,0,0,0.15)",
		"sapUiShadowText": "0 0 0.125rem #fff",
		"sapUiShadowHeader": "0 0.125rem 0 0 #f4f4f4, inset 0 -0.125rem 0 0 #e0e0e0",
		"sapUiUx3ShellHeaderImageURL": "",
		"sapUiUx3ShellApplicationImageURL": "url('../../../../../Base/baseLib/upmhybridtheme/img/misc/sapCompanyLogo.png')",
		"sapUiPurple": "purple",
		"sapUiOrange": "orange",
		"sapUiGreen": "green",
		"sapUiBlue": "blue",
		"sapUiRed": "red",
		"sapUiYellow": "yellow",
		"sapUiBase": "#000",
		"sapUiBaseBorder": "#000",
		"sapUiBaseLine": "#000",
		"sapUiWhite": "#FFFFFF",
		"sapUiWhiteBG": "#fff",
		"sapUiExtraLightBG": "#fafafa",
		"sapUiLightBG": "lightgray",
		"sapUiMediumBG": "gray",
		"sapUiDarkBG": "darkgray",
		"sapUiDeepBG": "black",
		"sapUiBlackBG": "#000000",
		"sapUiHoverBG": "grey",
		"sapUiMediumAltBG": "grey",
		"sapUiDarkAltBG": "darkgrey",
		"sapUiButtonStandardBG": "#fafafa",
		"sapUiButtonEmphasizedBG": "yellow",
		"sapUiButtonNegativeBG": "red",
		"sapUiButtonPositiveBG": "green",
		"sapUiReadOnlyBG": "grey",
		"sapUiExtraLightText": "lightgray",
		"sapUiLightText": "lightgray",
		"sapUiMediumText": "grey",
		"sapUiDarkText": "darkgrey",
		"sapUiDeepText": "black",
		"sapUiText": "#333333",
		"sapUiTextInverted": "#fff",
		"sapUiWhiteBorder": "#fff",
		"sapUiExtraLightBorder": "lightgrey",
		"sapUiLightBorder": "grey",
		"sapUiMediumBorder": "#000",
		"sapUiDarkBorder": "#000",
		"sapUiBlackBorder": "#000",
		"sapUiElement": "lightgrey",
		"sapUiInvertedElement": "#ffffff",
		"sapUiLightLine": "lightgrey",
		"sapUiMediumLine": "grey",
		"sapUiEmphasizedLine": "#51a244",
		"sapUiDarkLine": "darkgrey",
		"sapUiLightShadowTint": "#ffffff",
		"sapUiDarkShadowTint": "#000000",
		"sapUiFocus": "#000000",
		"sapUiInvertedFocus": "#ffffff",
		"sapUiTableRowBG": "#FFFFFF",
		"sapUiTableRowAlternatingBG": "#FFFFFF",
		"sapUiTableRowSelectionBG": "#51a244",
		"sapUiTableRowSelectionReadOnlyBG": "#51a244",
		"sapUiTableRowHoverBG": "grey",
		"sapUiListBG": "#f7f7f7",
		"sapUiTextColor": "green",
		"sapUiTextTitleColor": "green",
		"sapUiTextSelectionColor": "green",
		"sapUiTextDisabled": "#ccc",
		"sapUiTextSelection": "#fff",
		"sapUiTextfieldBackground": "#FFFFFF",
		"sapUiFontMonospaceFamily": "Lucida Console",
		"sapUiUx3ShellSideBarBaseWidth": "40px",
		"sapUiUx3ShellPaneOverflowButtonHeight": "120px",
		"sapUiUx3ExactLstCollapseWidth": "24px",
		"sapUiUx3ExactLstHeaderHeight": "25px",
		"sapUiNotificationBarBG_IE": "grey",
		"sapUiNotifierHoverColor": "#51a244",
		"sapUiNotificationText": "#fff",
		"sapUiNotificationTimestamp": "#ababab",
		"sapUiNotificationBarCalloutBorder": "rgba(128,128,128,0)",
		"sapUiNotificationBarCalloutBorder_IE": "grey",
		"sapUiNotificationBarCalloutArr": "rgba(51,51,51,0.98)",
		"sapUiNotificationBarHeight": "40px",
		"sapUiNotificationBarHeightMinimized": "0px",
		"sapUiNotificationBarHeightMaximized": "40%",
		"sapUiNotifierWidth": "40px",
		"sapUiRIIconPaddingXS": "1px",
		"sapUiRIIconPaddingS": "0.125rem",
		"sapUiRIIconPaddingM": "0.1875rem",
		"sapUiRIIconPaddingL": "0.25rem",
		"sapUiRIIconPaddingCozy": "0.1875rem",
		"sapUiRIIconPaddingCompact": "0.125rem",
		"sapUiRIIconPaddingCondensed": "0.125rem",
		"sapUiRIIconPaddingDisplayOnly": "0.125rem",
		"sapUiRIIconSizeCozy": "1.375rem",
		"sapUiRIIconSizeCompact": "1rem",
		"sapUiRIIconSizeCondensed": "1rem",
		"sapUiRIIconSizeDisplayOnly": "1rem",
		"sapUiUx3ToolPopupArrowWidth": "13px",
		"sapUiUx3ToolPopupArrowHeight": "24px",
		"sapUiUx3ToolPopupArrowRightMarginCorrectionInverted": "-7px",
		"sapUiUx3TPPaddingBottom": "50px",
		"sapUiButtonEmphasizedDisabledBorderColor": "#52c040",
		"sapUiButtonEmphasizedDisabledBackground": "#63c653",
		"sapUiButtonAcceptDisabledBorderColor": "#2b7c2b",
		"sapUiButtonAcceptDisabledBackground": "#f7f7f7",
		"sapUiButtonRejectDisabledBorderColor": "#bb0000",
		"sapUiButtonRejectDisabledBackground": "#f7f7f7",
		"sapUiToggleButtonPressedDisabledBackground": "#3f7e35",
		"sapUiToggleButtonPressedDisabledBorderColor": "#366c2d",
		"sapUiToggleButtonPressedDisabledTextColor": "#cfdfcd",
		"sapUiPositiveBG": "#2b7c2b",
		"sapUiShadowTint": "#000",
		"sapUiShadow": "5px 5px 10px rgba(0,0,0,0.5)",
		"sapUiThemeDesignerCustomCss": "false",
		"sapUiMarginTiny": "0.5rem",
		"sapUiMarginSmall": "1rem",
		"sapUiMarginMedium": "2rem",
		"sapUiMarginLarge": "3rem",
		"sapUiEscapedEmptyString": "",
		"sapUiLightBoxMagnifyingGlassBorder": "none",
		"sapUiLightBoxMagnifyingGlassBackgroundColor": "#51a244",
		"_sap_ui_core_LocalBusyIndicator_Background": "rgba(250,250,250,0.72)",
		"_sap_ui_core_LocalBusyIndicator_BackgroundIE": "#fafafa",
		"_sap_ui_core_LocalBusyIndicator_Color": "#51a244",
		"_sap_ui_core_LocalBusyIndicator_BorderRadius": "100%",
		"_sap_ui_core_LocalBusyIndicator_SizeMedium": "1rem",
		"_sap_ui_core_LocalBusyIndicator_SizeBig": "2rem",
		"_sap_ui_core_media_StdDesktop": "screen and (min-width : 1024px)",
		"_sap_ui_core_media_StdTablet": "screen and (min-width : 600px) and (max-width : 1023px)",
		"_sap_ui_core_media_StdPhone": "screen and (max-width : 599px)",
		"_sap_ui_core_media_3StepL": "screen and (min-width : 960px)",
		"_sap_ui_core_media_3StepM": "screen and (min-width : 520px) and (max-width : 959px)",
		"_sap_ui_core_media_3StepS": "screen and (max-width : 519px)",
		"_sap_ui_core_media_4StepXL": "screen and (min-width : 960px)",
		"_sap_ui_core_media_4StepL": "screen and (min-width : 760px) and (max-width : 959px)",
		"_sap_ui_core_media_4StepM": "screen and (min-width : 520px) and (max-width : 759px)",
		"_sap_ui_core_media_4StepS": "screen and (max-width : 519px)",
		"_sap_ui_core_media_6StepXXL": "screen and (min-width : 960px)",
		"_sap_ui_core_media_6StepXL": "screen and (min-width : 768px) and (max-width : 959px)",
		"_sap_ui_core_media_6StepL": "screen and (min-width : 541px) and (max-width : 767px)",
		"_sap_ui_core_media_6StepM": "screen and (min-width : 400px) and (max-width : 540px)",
		"_sap_ui_core_media_6StepS": "screen and (min-width : 241px) and (max-width : 399px)",
		"_sap_ui_core_media_6StepXS": "screen and (max-width : 240px)",
		"sapBackgroundColorDefault": "#fafafa",
		"sapPrimary1": "#3f5161",
		"sapPrimary2": "#427cac",
		"sapPrimary3": "#eff4f9",
		"sapPrimary4": "#ffffff",
		"sapPrimary5": "#fafafa",
		"sapPrimary6": "#bfbfbf",
		"sapPrimary7": "#333333",
		"sapAccentColor1": "#e09d00",
		"sapAccentColor2": "#e6600d",
		"sapAccentColor3": "#c14646",
		"sapAccentColor4": "#ab218e",
		"sapAccentColor5": "#678bc7",
		"sapAccentColor6": "#0092d1",
		"sapAccentColor7": "#1a9898",
		"sapAccentColor8": "#759421",
		"sapErrorBackground": "#ffe4e4",
		"sapWarningBackground": "#fef0db",
		"sapSuccessBackground": "#e4f5e4",
		"sapNeutralBackground": "#f4f5f6",
		"sapErrorBorderColor": "#e00",
		"sapWarningBorderColor": "#f9a429",
		"sapSuccessBorderColor": "#38a238",
		"sapNegativeTextColor": "#bb0000",
		"sapCriticalTextColor": "#e78c07",
		"sapPositiveTextColor": "#2b7c2b",
		"sapNeutralTextColor": "#5e696e",
		"sapErrorColor": "#e00",
		"sapWarningColor": "#f9a429",
		"sapSuccessColor": "#38a238",
		"sapShell_BackgroundPatternColor": "rgba(255,255,255,0.08)",
		"sapUiShellBackgroundPatternColor": "rgba(255,255,255,0.08)",
		"sapUiPrimary1": "#3f5161",
		"sapUiPrimary2": "#427cac",
		"sapUiPrimary3": "#eff4f9",
		"sapUiPrimary4": "#ffffff",
		"sapUiPrimary5": "#fafafa",
		"sapUiPrimary6": "#bfbfbf",
		"sapUiPrimary7": "#333333",
		"_sap_ui_layout_Form_FormContainerExpImageURL": "url(\"sap-icon://expand-group\")",
		"_sap_ui_layout_Form_FormContainerColImageURL": "url(\"sap-icon://collapse-group\")",
		"_sap_ui_layout_FormLayout_FormTitleSize": "H4",
		"_sap_ui_layout_FormLayout_FormSubTitleSize": "H5",
		"_sap_ui_layout_Grid_RespGridCols": "12",
		"_sap_ui_layout_Grid_RespGridCols-1": "11",
		"_sap_ui_layout_Grid_RespGridOneCol": "8.33333333%",
		"_sap_ui_layout_Grid_RespGridMediaPhone": "sapUiRespGridMedia-Std-Phone",
		"_sap_ui_layout_Grid_RespGridMediaTablet": "sapUiRespGridMedia-Std-Tablet",
		"_sap_ui_layout_Grid_RespGridMediaDesktop": "sapUiRespGridMedia-Std-Desktop",
		"_sap_ui_layout_Grid_RespGridMediaXL": "sapUiRespGridMedia-Std-LargeDesktop",
		"_sap_ui_layout_Grid_RespGridMediaPhoneSize": "320px",
		"_sap_ui_layout_Grid_RespGridMediaTabletSize": "600px",
		"_sap_ui_layout_Grid_RespGridMediaDesktopSize": "1024px",
		"_sap_ui_layout_Grid_RespGridMediaXLSize": "1440px",
		"_sap_ui_layout_Grid_RespGridPxInRem": "16",
		"_sap_ui_layout_Grid_RespGridVisible": "sapUiRespGridVisible",
		"_sap_ui_layout_Grid_RespGridHidden": "sapUiRespGridHidden",
		"_sap_ui_layout_BlockLayoutCell_background": "transparent",
		"_sap_ui_layout_ResponsiveSplitter_PaginatorButtonColor": "#b2b2b2",
		"_sap_ui_layout_ResponsiveSplitter_CircleColor": "#f2f2f2",
		"_sap_ui_layout_ResponsiveSplitter_CircleBorderColor": "#bfbfbf",
		"_sap_ui_layout_Splitter_BarColor": "#dedede",
		"_sap_ui_layout_Splitter_BarHoverColor": "#c4c4c4",
		"_sap_ui_layout_BlockLayout_BlockColorAccentType1A": "#996b00",
		"_sap_ui_layout_BlockLayout_BlockColorAccentType1B": "#845d00",
		"_sap_ui_layout_BlockLayout_BlockColorAccentType1C": "#704e00",
		"_sap_ui_layout_BlockLayout_BlockColorAccentType1D": "#5b4000",
		"_sap_ui_layout_BlockLayout_BlockColorAccentType2A": "#ac480a",
		"_sap_ui_layout_BlockLayout_BlockColorAccentType2B": "#994009",
		"_sap_ui_layout_BlockLayout_BlockColorAccentType2C": "#853808",
		"_sap_ui_layout_BlockLayout_BlockColorAccentType2D": "#723006",
		"_sap_ui_layout_BlockLayout_BlockColorAccentType3A": "#903030",
		"_sap_ui_layout_BlockLayout_BlockColorAccentType3B": "#802b2b",
		"_sap_ui_layout_BlockLayout_BlockColorAccentType3C": "#712626",
		"_sap_ui_layout_BlockLayout_BlockColorAccentType3D": "#622121",
		"_sap_ui_layout_BlockLayout_BlockColorAccentType4A": "#961d7c",
		"_sap_ui_layout_BlockLayout_BlockColorAccentType4B": "#80196a",
		"_sap_ui_layout_BlockLayout_BlockColorAccentType4C": "#6b1559",
		"_sap_ui_layout_BlockLayout_BlockColorAccentType4D": "#551047",
		"_sap_ui_layout_BlockLayout_BlockColorAccentType5A": "#4974bc",
		"_sap_ui_layout_BlockLayout_BlockColorAccentType5B": "#3f68ac",
		"_sap_ui_layout_BlockLayout_BlockColorAccentType5C": "#3b61a1",
		"_sap_ui_layout_BlockLayout_BlockColorAccentType5D": "#365892",
		"_sap_ui_layout_BlockLayout_BlockColorAccentType6A": "#007db2",
		"_sap_ui_layout_BlockLayout_BlockColorAccentType6B": "#006e9e",
		"_sap_ui_layout_BlockLayout_BlockColorAccentType6C": "#00608a",
		"_sap_ui_layout_BlockLayout_BlockColorAccentType6D": "#00597f",
		"_sap_ui_layout_BlockLayout_BlockColorAccentType7A": "#168282",
		"_sap_ui_layout_BlockLayout_BlockColorAccentType7B": "#137171",
		"_sap_ui_layout_BlockLayout_BlockColorAccentType7C": "#116464",
		"_sap_ui_layout_BlockLayout_BlockColorAccentType7D": "#0e5252",
		"_sap_ui_layout_BlockLayout_BlockColorAccentType8A": "#5b731a",
		"_sap_ui_layout_BlockLayout_BlockColorAccentType8B": "#4d6216",
		"_sap_ui_layout_BlockLayout_BlockColorAccentType8C": "#405112",
		"_sap_ui_layout_BlockLayout_BlockColorAccentType8D": "#33410e",
		"_sap_ui_layout_BlockLayout_BlockColorAccentType9A": "#fff",
		"_sap_ui_layout_BlockLayout_BlockColorAccentType9B": "#fafafa",
		"_sap_ui_layout_BlockLayout_BlockColorAccentType9C": "#f5f5f5",
		"_sap_ui_layout_BlockLayout_BlockColorAccentType9D": "#f0f0f0",
		"_sap_ui_layout_BlockLayout_BlockColorAccentType10A": "#ebebeb",
		"_sap_ui_layout_BlockLayout_BlockColorAccentType10B": "#e6e6e6",
		"_sap_ui_layout_BlockLayout_BlockColorAccentType10C": "#e0e0e0",
		"_sap_ui_layout_BlockLayout_BlockColorAccentType10D": "#dbdbdb",
		"_sap_ui_layout_BlockLayout_BlockColorAccentType11A": "#f4f4f4",
		"_sap_ui_layout_BlockLayout_BlockColorAccentType11B": "#e2e2e2",
		"_sap_ui_layout_BlockLayout_BlockColorAccentType11C": "#dbdbdb",
		"_sap_ui_layout_BlockLayout_BlockColorAccentType11D": "#d0d0d0",
		"_sap_ui_unified_ColorPicker_CircleSize": "8px",
		"_sap_ui_unified_Menu_ItmHeight": "2rem",
		"_sap_ui_unified_Menu_ItmPadding": "0.5rem",
		"_sap_ui_unified_Menu_ItmHeightCozy": "3rem",
		"_sap_ui_unified_Menu_ItmPaddingCozy": "1rem",
		"_sap_ui_unified_ShellHeader_CenterAnimDuration": "200ms",
		"_sap_ui_unified_ShellHeader_CenterAnimDelay": "30ms",
		"_sap_ui_unified_ShellHeader_ButtonOuterSpace": "4px",
		"_sap_ui_unified_ShellHeader_ButtonInnerSpace": "9px",
		"_sap_ui_unified_ShellHeader_ButtonOutlineWidth": "1px",
		"_sap_ui_unified_ShellHeader_ButtonSeparatorWidth": "1px",
		"_sap_ui_unified_ShellHeader_ButtonBorderRadius": "2px",
		"_sap_ui_unified_ShellHeader_BrandHeight": "4px",
		"_sap_ui_unified_ShellHeader_HeaderBarHeight": "44px",
		"_sap_ui_unified_ShellHeader_ButtonHeight": "36px",
		"_sap_ui_unified_ShellHeader_AnimDuration": "500ms",
		"_sap_ui_unified_ShellLayout_BrandHeight": "4px",
		"_sap_ui_unified_ShellLayout_HeaderBarHeight": "44px",
		"_sap_ui_unified_ShellLayout_HeadHeight": "48px",
		"_sap_ui_unified_ShellLayout_AnimDuration": "500ms",
		"_sap_ui_unified_ShellOverlay_AnimDuration": "525ms",
		"_sap_ui_unified_ShellOverlay_CntntOpenAnimDuration": "350ms",
		"_sap_ui_unified_ShellOverlay_CntntOpenAnimDelay": "75ms",
		"_sap_ui_unified_ShellOverlay_CntntCloseAnimDuration": "350ms",
		"_sap_ui_unified_ShellOverlay_CntntInnerOpenAnimDuration": "175ms",
		"_sap_ui_unified_ShellOverlay_CntntInnerOpenAnimDelay": "308.33333333ms",
		"_sap_ui_unified_ShellOverlay_CntntInnerCloseAnimDuration": "175ms",
		"_sap_ui_unified_ShellOverlay_CntntInnerCloseAnimDelay": "0",
		"_sap_ui_unified_ShellOverlay_CntntCloseAnimDelay": "175ms",
		"_sap_ui_unified_ShellOverlay_SearchOpenAnimDuration": "525ms",
		"_sap_ui_unified_ShellOverlay_SearchCloseAnimDuration": "525ms",
		"_sap_ui_unified_ShellOverlay_BlockLayerAnimDuration": "210ms",
		"_sap_ui_unified_ShellOverlay_OpenAnimOverAll": "483.33333333ms",
		"_sap_ui_unified_ShellOverlay_CloseAnimOverAll": "525ms",
		"_sap_ui_unified_ShellOverlay_HeaderBarHeight": "44px",
		"_sap_ui_unified_ShellOverlay_BrandHeight": "4px",
		"_sap_ui_unified_ShellOverlay_HeadHeight": "48px",
		"_sap_ui_unified_SplitContainer_AnimationDuration": "500ms",
		"_sap_ui_unified_Calendar_ItemColor": "#f2f2f2",
		"_sap_ui_unified_Calendar_ItemHoverColor": "#d8d8d8",
		"_sap_ui_unified_Calendar_ItemBorderColor": "#fff",
		"_sap_ui_unified_Calendar_ItemWeekEndColor": "#e5e5e5",
		"_sap_ui_unified_Calendar_ItemWeekEndHoverColor": "#ccc",
		"_sap_ui_unified_Calendar_ItemOtherMonthColor": "#808080",
		"_sap_ui_unified_Calendar_ItemSelBetweenColor": "#d8edd4",
		"_sap_ui_unified_Calendar_ItemSelBetweenHoverColor": "#bde1b8",
		"_sap_ui_unified_Calendar_sapUiCalItemType01": "#ad7900",
		"_sap_ui_unified_Calendar_sapUiCalItemType02": "#dc5c0c",
		"_sap_ui_unified_Calendar_sapUiCalItemType03": "#c14646",
		"_sap_ui_unified_Calendar_sapUiCalItemType04": "#853808",
		"_sap_ui_unified_Calendar_sapUiCalItemType05": "#da3fb9",
		"_sap_ui_unified_Calendar_sapUiCalItemType06": "#008bc7",
		"_sap_ui_unified_Calendar_sapUiCalItemType07": "#198f8f",
		"_sap_ui_unified_Calendar_sapUiCalItemType08": "#6e8c1f",
		"_sap_ui_unified_Calendar_sapUiCalItemType09": "#648795",
		"_sap_ui_unified_Calendar_sapUiCalItemType10": "#80196a",
		"_sap_ui_unified_Calendar_sapUiCalItemType11": "#6f5925",
		"_sap_ui_unified_Calendar_sapUiCalItemType12": "#b64600",
		"_sap_ui_unified_Calendar_sapUiCalItemType13": "#d51818",
		"_sap_ui_unified_Calendar_sapUiCalItemType14": "#966c52",
		"_sap_ui_unified_Calendar_sapUiCalItemType15": "#73596d",
		"_sap_ui_unified_Calendar_sapUiCalItemType16": "#5d759e",
		"_sap_ui_unified_Calendar_sapUiCalItemType17": "#466c6c",
		"_sap_ui_unified_Calendar_sapUiCalItemType18": "#626b4a",
		"_sap_ui_unified_Calendar_sapUiCalItemType19": "#284d5d",
		"_sap_ui_unified_Calendar_sapUiCalItemType20": "#1851b0",
		"_sap_ui_unified_CalendarLegend_sapUiCalLegDayType01": "#ad7900",
		"_sap_ui_unified_CalendarLegend_sapUiCalLegDayType02": "#dc5c0c",
		"_sap_ui_unified_CalendarLegend_sapUiCalLegDayType03": "#c14646",
		"_sap_ui_unified_CalendarLegend_sapUiCalLegDayType04": "#853808",
		"_sap_ui_unified_CalendarLegend_sapUiCalLegDayType05": "#da3fb9",
		"_sap_ui_unified_CalendarLegend_sapUiCalLegDayType06": "#008bc7",
		"_sap_ui_unified_CalendarLegend_sapUiCalLegDayType07": "#198f8f",
		"_sap_ui_unified_CalendarLegend_sapUiCalLegDayType08": "#6e8c1f",
		"_sap_ui_unified_CalendarLegend_sapUiCalLegDayType09": "#648795",
		"_sap_ui_unified_CalendarLegend_sapUiCalLegDayType10": "#80196a",
		"_sap_ui_unified_CalendarLegend_sapUiCalLegDayType11": "#6f5925",
		"_sap_ui_unified_CalendarLegend_sapUiCalLegDayType12": "#b64600",
		"_sap_ui_unified_CalendarLegend_sapUiCalLegDayType13": "#d51818",
		"_sap_ui_unified_CalendarLegend_sapUiCalLegDayType14": "#966c52",
		"_sap_ui_unified_CalendarLegend_sapUiCalLegDayType15": "#73596d",
		"_sap_ui_unified_CalendarLegend_sapUiCalLegDayType16": "#5d759e",
		"_sap_ui_unified_CalendarLegend_sapUiCalLegDayType17": "#466c6c",
		"_sap_ui_unified_CalendarLegend_sapUiCalLegDayType18": "#626b4a",
		"_sap_ui_unified_CalendarLegend_sapUiCalLegDayType19": "#284d5d",
		"_sap_ui_unified_CalendarLegend_sapUiCalLegDayType20": "#1851b0",
		"_sap_ui_unified_CalendarRow_sapUiCalendarAppType01": "#ad7900",
		"_sap_ui_unified_CalendarRow_sapUiCalendarAppType02": "#dc5c0c",
		"_sap_ui_unified_CalendarRow_sapUiCalendarAppType03": "#c14646",
		"_sap_ui_unified_CalendarRow_sapUiCalendarAppType04": "#853808",
		"_sap_ui_unified_CalendarRow_sapUiCalendarAppType05": "#da3fb9",
		"_sap_ui_unified_CalendarRow_sapUiCalendarAppType06": "#008bc7",
		"_sap_ui_unified_CalendarRow_sapUiCalendarAppType07": "#198f8f",
		"_sap_ui_unified_CalendarRow_sapUiCalendarAppType08": "#6e8c1f",
		"_sap_ui_unified_CalendarRow_sapUiCalendarAppType09": "#648795",
		"_sap_ui_unified_CalendarRow_sapUiCalendarAppType10": "#80196a",
		"_sap_ui_unified_CalendarRow_sapUiCalendarAppType11": "#6f5925",
		"_sap_ui_unified_CalendarRow_sapUiCalendarAppType12": "#b64600",
		"_sap_ui_unified_CalendarRow_sapUiCalendarAppType13": "#d51818",
		"_sap_ui_unified_CalendarRow_sapUiCalendarAppType14": "#966c52",
		"_sap_ui_unified_CalendarRow_sapUiCalendarAppType15": "#73596d",
		"_sap_ui_unified_CalendarRow_sapUiCalendarAppType16": "#5d759e",
		"_sap_ui_unified_CalendarRow_sapUiCalendarAppType17": "#466c6c",
		"_sap_ui_unified_CalendarRow_sapUiCalendarAppType18": "#626b4a",
		"_sap_ui_unified_CalendarRow_sapUiCalendarAppType19": "#284d5d",
		"_sap_ui_unified_CalendarRow_sapUiCalendarAppType20": "#1851b0",
		"_sap_ui_unified_CalendarRow_sapUiCalendarRowAppsIntHeadType01": "#fff6e0",
		"_sap_ui_unified_CalendarRow_sapUiCalendarRowAppsIntHeadType02": "#feeee5",
		"_sap_ui_unified_CalendarRow_sapUiCalendarRowAppsIntHeadType03": "#f7e6e6",
		"_sap_ui_unified_CalendarRow_sapUiCalendarRowAppsIntHeadType04": "#f9efe9",
		"_sap_ui_unified_CalendarRow_sapUiCalendarRowAppsIntHeadType05": "#fdf2fa",
		"_sap_ui_unified_CalendarRow_sapUiCalendarRowAppsIntHeadType06": "#f0f7fa",
		"_sap_ui_unified_CalendarRow_sapUiCalendarRowAppsIntHeadType07": "#f2fdfd",
		"_sap_ui_unified_CalendarRow_sapUiCalendarRowAppsIntHeadType08": "#f3f9e4",
		"_sap_ui_unified_CalendarRow_sapUiCalendarRowAppsIntHeadType09": "#f5fcff",
		"_sap_ui_unified_CalendarRow_sapUiCalendarRowAppsIntHeadType10": "#f7eef5",
		"_sap_ui_unified_CalendarRow_sapUiCalendarRowAppsIntHeadType11": "#ffeec6",
		"_sap_ui_unified_CalendarRow_sapUiCalendarRowAppsIntHeadType12": "#fbdfce",
		"_sap_ui_unified_CalendarRow_sapUiCalendarRowAppsIntHeadType13": "#ffdcdc",
		"_sap_ui_unified_CalendarRow_sapUiCalendarRowAppsIntHeadType14": "#f2e1d8",
		"_sap_ui_unified_CalendarRow_sapUiCalendarRowAppsIntHeadType15": "#f0e5ee",
		"_sap_ui_unified_CalendarRow_sapUiCalendarRowAppsIntHeadType16": "#e7e8ea",
		"_sap_ui_unified_CalendarRow_sapUiCalendarRowAppsIntHeadType17": "#d7eaea",
		"_sap_ui_unified_CalendarRow_sapUiCalendarRowAppsIntHeadType18": "#e6edd1",
		"_sap_ui_unified_CalendarRow_sapUiCalendarRowAppsIntHeadType19": "#cfebf7",
		"_sap_ui_unified_CalendarRow_sapUiCalendarRowAppsIntHeadType20": "#fff",
		"_sap_ui_unified_ShellLayout_CurtainBGStartColor": "rgba(255,255,255,0.97)",
		"_sap_ui_unified_ShellLayout_CurtainBGEndColor": "rgba(255,255,255,0.97)",
		"_sap_m_Bar_AppHeight": "3333px",
		"_sap_m_Bar_HeaderHeight": "68px",
		"_sap_m_Bar_MinHeightForHeader": "3401px",
		"_sap_m_Dialog_MarginHeight": "7%",
		"_sap_m_Dialog_BarHeight": "3rem",
		"_sap_m_Dialog_BarCompactHeight": "2.5rem",
		"_sap_m_Dialog_Padding": "1rem",
		"line-height": "1.875rem",
		"padding-top": "0.125rem",
		"padding-bottom": "0.125rem",
		"_sap_m_LightBox_MinHeight": "18rem",
		"_sap_m_LightBox_FooterOneLineHeightDesktop": "2.5rem",
		"_sap_m_LightBox_FooterTwoLinesHeightDesktop": "4rem",
		"_sap_m_LightBox_FooterOneLineHeightMobile": "3rem",
		"_sap_m_LightBox_FooterTwoLinesHeightMobile": "4.5rem",
		"_sap_m_LightBox_BusyIndicatorHeight": "1rem",
		"_sap_m_NotificationListBase_ContainerPaddingLeft": "1.5rem",
		"_sap_m_NotificationListBase_ContainerPadding": "1rem",
		"_sap_m_NotificationListBase_CloseButtonSize": "2.5rem",
		"_sap_m_NotificationListBase_CloseButtonCompactSize": "1.625rem",
		"_sap_m_NotificationListBase_CloseButtonCozyPosition": "0.25rem",
		"_sap_m_NotificationListBase_CloseButtonCompactPosition": "0.5rem",
		"_sap_m_NotificationListGroup_ContainerPadding": "1rem",
		"_sap_m_NotificationListGroup_BottomMargin": "0.5rem",
		"_sap_m_NotificationListGroup_BorderRadius": "0.25rem",
		"_sap_m_NotificationListItem_ContainerPadding": "1rem",
		"_sap_m_NotificationListItem_ContainerPaddingLeft": "1.5rem",
		"_sap_m_Page_AppHeight": "3333px",
		"_sap_m_Page_HeaderHeight": "68px",
		"_sap_m_Page_MinHeightForHeader": "3401px",
		"_sap_m_Popover_ForceCompactArrowOffset": "true",
		"_sap_m_Shell_AppWidthLimit": "1280px",
		"_sap_m_Shell_AppWidthLimitBy2": "640px",
		"_sap_m_Shell_AppWidthLimitPlusPadding": "1296px",
		"_sap_m_Shell_AppHeight": "3333px",
		"_sap_m_Shell_HeaderHeight": "68px",
		"_sap_m_Shell_MinHeightForHeader": "3401px",
		"_sap_m_Shell_MinWidthForLogoAside": "1480px",
		"_sap_m_Shell_MinWidthForBigLogoAside": "1680px",
		"_sap_m_SplitContainer_AppHeight": "3333px",
		"_sap_m_SplitContainer_HeaderHeight": "68px",
		"_sap_m_SplitContainer_MinHeightForHeader": "3401px",
		"_sap_m_Switch_OnPosition": "-32",
		"_sap_m_Switch_OffPosition": "0",
		"_sap_m_Switch_TransitionTime": "175",
		"_sap_m_Token_TokenPadding": "0.5rem",
		"_sap_m_Token_TokenCompactPadding": "0.25rem",
		"_sap_m_Token_TokenSize": "2rem",
		"_sap_m_Token_TokenCompactSize": "1.25rem",
		"_sap_m_Tokenizer_OutlineOffset": "3px",
		"_sap_m_Wizard_NavHeight": "4rem",
		"_sap_m_WizardProgressNavigator_NavHeight": "4rem",
		"_sap_m_WizardProgressNavigator_ListHeight": "2rem",
		"_sap_m_WizardProgressNavigator_StepWidth": "2rem",
		"_sap_m_WizardProgressNavigator_StepPadding": "0.5rem",
		"_sap_m_WizardProgressNavigator_SmallSeparator": "0.25rem",
		"_sap_m_WizardProgressNavigator_StepUnderlineHeight": "0.125rem",
		"_sap_m_WizardProgressNavigator_StepOverlapOnPhone": "1.75rem",
		"_sap_m_Button_EmphasizedFocusColor": "#000",
		"_sap_m_CheckBox_SelectedWarningColor": "#000",
		"_sap_m_Dialog_HeaderShadowColor": "#ebebeb",
		"_sap_m_FeedInput_BackgroundColor": "#ddd",
		"_sap_m_HeaderContainer_TranslucentBackground": "#f4f4f4",
		"_sap_m_IconTabBar_TextHoverColor": "#1a1a1a",
		"_sap_m_IconTabBar_SelectedTextColor": "#48903c",
		"_sap_m_IconTabBar_SelectedTextHoverColor": "#3f7e35",
		"_sap_m_Link_TextShadowColor": "none",
		"_sap_m_ListItemBase_ListTextShadowColor": "none",
		"_sap_m_NotificationListBase_Background": "#ffffff",
		"_sap_m_NotificationListGroup_CombinationBackground": "#ffffff",
		"_sap_m_NewsContent_HeaderTextColor": "#fff",
		"_sap_m_NewsContent_SubHeaderTextColor": "#d9d9d9",
		"_sap_m_ObjectAttribute_ListTextShadowColor": "none",
		"_sap_m_ObjectMarker_LinkShadowColor": "none",
		"_sap_m_ObjectNumber_TextShadowColor": "none",
		"_sap_m_ObjectStatus_TextShadowColor": "none",
		"_sap_m_RadioButton_SelectedWarningColor": "#000",
		"_sap_m_RangeSlider_HandleHoverBackground": "rgba(217,217,217,0.6)",
		"_sap_m_RangeSlider_HandleBorderColor": "#999",
		"_sap_m_RatingIndicator_IconUnselectedColor": "#999",
		"_sap_m_RatingIndicator_IconHoverColor": "#c78b00",
		"_sap_m_Slider_Background": "#ddd",
		"_sap_m_Slider_HandleBorderColor": "#999",
		"_sap_m_Slider_HandleHoverBackground": "rgba(217,217,217,0.6)",
		"_sap_m_StandardListItem_TextShadowColor": "none",
		"_sap_m_StandardListItem_SelectedLabelColor": "#666",
		"_sap_m_Switch_OffBackground": "#fff",
		"_sap_m_Switch_OffBorderColor": "#ababab",
		"_sap_m_TabStrip_ItemHoverTextColor": "#1a1a1a",
		"_sap_m_TabStrip_ItemSelectedTextColor": "#000",
		"_sap_m_TileContent_NewsFooterTextColor": "#d9d9d9",
		"_sap_m_TimePicker_ItemColor": "#f2f2f2",
		"_sap_m_TimePicker_ItemHoverColor": "#d8d8d8",
		"_sap_m_TimePicker_ItemBorderColor": "#fff",
		"_sap_m_Token_BorderColor": "#dedede",
		"_sap_m_Token_HoverBorderColor": "#ddd",
		"_sap_m_ViewSettingsDialog_HeaderBorderColor": "#ebebeb",
		"_sap_m_WizardProgressNavigator_NavAnchorCircleHoverColor": "#fff",
		"_sap_m_WizardProgressNavigator_NavAnchorTitleSelectedTextColor": "#000",
		"_sap_m_WizardProgressNavigator_NavAnchorTitleHoverTextColor": "#1a1a1a",
		"sapUshellOnePixel": "1px",
		"sapUshellTwoPixels": "0.125rem",
		"query-4k": "screen and (min-width : 3600px)",
		"query-desktop": "screen and (min-width : 1280px)",
		"query-tablet": "screen and (min-width : 800px) and (max-width : 1279px)",
		"query-phone": "screen and (max-width : 799px)",
		"query-size-min-1920": "screen and (min-width : 1920px)",
		"query-size-min-1600": "screen and (min-width : 1600px)",
		"query-size-min-1440": "screen and (min-width : 1440px)",
		"query-size-min-1280": "screen and (min-width : 1280px)",
		"query-size-min-1150": "screen and (min-width : 1150px)",
		"query-size-min-1024": "screen and (min-width : 1024px)",
		"query-size-min-601": "screen and (min-width : 601px)",
		"query-size-max-600": "screen and (max-width : 600px)",
		"query-size-max-1023": "screen and (max-width : 1023px)",
		"query-size-max-1023-docking": "screen and (max-width : 1439px)",
		"query-size-min-1024-docking": "screen and (min-width : 608px)",
		"query-size-min-1280-docking": "screen and (min-width : 864px)",
		"query-size-min-1440-docking": "screen and (min-width : 1024px)",
		"query-size-max-1440-docking": "screen and (max-width : 1024px)",
		"query-size-min-1600-docking": "screen and (min-width : 1184px)",
		"query-size-max-1600-docking": "screen and (max-width : 1184px)",
		"query-size-min-1920-docking": "screen and (min-width : 1504px)",
		"query-size-max-1920-docking": "screen and (max-width : 1504px)",
		"sapUshellAnchorItemPaddingLeft": "1rem",
		"sapUshellAnchorItemPaddingRight": "1rem",
		"sapUshellAnchorItemsPopoverMinWidth": "10rem",
		"sapUshellAnchorItemsPopoverMaxWidth": "40rem",
		"sapUshellAnchorItemsPopoverHeight": "20rem",
		"sapUshellAnchorItemSelectedBorderWidth": "2px",
		"sapUshellAnchorNavigationBarHeight": "3rem",
		"sapUshellAnchorNavigationBarMarginTop": "1rem",
		"sapUshellShellHeadBGStartColor": "transparent",
		"sapUshellShellHeadBGEndColor": "transparent",
		"sapUshellCatalogHeaderMarginTop": "2rem",
		"sapUshellCatalogHeaderMarginBottom": "1rem",
		"sapUshellCatalogMenuBarHeight": "2.5rem",
		"sapUshellCatalogSelectorHeight": "2.5rem",
		"sapUshellCatalogSelectorLineHeight": "2.5rem",
		"sapUshellCatalogSelectorBorderWidth": "1px",
		"sapUshellCatalogSelectorLabelPaddingTop": "0",
		"sapUshellCatalogSelectorLabelPaddingRight": "3rem",
		"sapUshellCatalogSelectorLabelPaddingBottom": "0",
		"sapUshellCatalogSelectorLabelPaddingLeft": "1rem",
		"sapUshellCatalogButtonBorderWidth": "1px",
		"sapUshellCatalogSelectWidthDesktop": "17rem",
		"sapUshellRem": "16px",
		"sapUshellDashboardMargin": "0.5rem",
		"sapUshellDashboardPaddingBottom": "1rem",
		"sapUshellDashboardMarginSides": "2rem",
		"sapUshellDashboardPaddingRight": "0.5rem",
		"sapUshellNumberOfMaxTilesInARow": "8",
		"sapUshellNumberOfMaxTilesInARowTablet": "5",
		"sapUshellNumberOfMinTilesInARowPhone": "2",
		"sapUshellTileContainerOffsetForBorder": "0rem",
		"sapUshellDynamicTileNumberFontSizeDesktop": "3rem",
		"sapUshellDynamicTileNumberFontSizePhone": "2rem",
		"sapUshellDynamicTileNumberMarginDesktop": "0.5rem",
		"sapUshellDynamicTileNumberMarginPhone": "0.19rem",
		"sapUshellDynamicTileNumberFactorFontSizeDesktop": "0.88rem",
		"sapUshellDynamicTileNumberFactorFontSizePhone": "0.88rem",
		"sapUshellDynamicTileBottomDesktop": "1.875rem",
		"sapUshellDynamicTileBottomPhone": "1.750rem",
		"sapUshellLoadingFlowerLeafBackgroundColor": "#51a244",
		"sapUshellLoadingFlowerLeafBorderColor": "#fff",
		"sapUshellBaseColorOfLeavesForSandbox": "#259183",
		"sapUshellOpenCatalogButtonBorderRadius": "0.5rem",
		"sapUshellGroupListItemPlaceholderHeight": "3rem",
		"sapUshellListItemHeight": "3rem",
		"sapUshellListItemHeightCompact": "2rem",
		"sapUshellGroupListPaddingLeft": "1rem",
		"sapUshellImageTileBottomDesktop": "2.13rem",
		"sapUshellImageTileWidthDesktop": "10rem",
		"sapUshellImageTileHeightDesktop": "4.63rem",
		"sapUshellImageTileBottomPhone": "1.5rem",
		"sapUshellImageTileWidthPhone": "8rem",
		"sapUshellImageTileHeightPhone": "3.13rem",
		"sapUshellMeAeraLeftPaddingTiny": "1rem",
		"sapUshellMeAeraLeftPaddingSmall": "3rem",
		"sapUshellMeAeraLeftPaddingMedium": "6rem",
		"sapUshellMeAeraLeftPaddingLarge": "9rem",
		"sapUshellMeAeraRightPaddingTiny": "1rem",
		"sapUshellMeAeraRightPaddingSmall": "3rem",
		"sapUshellMeAeraRightPaddingMedium": "6rem",
		"sapUshellMeAeraRightPaddingLarge": "9rem",
		"sapUshellNavTreeListItemWidth": "18rem",
		"sapUshellNavTreeListItemHeight": "3rem",
		"sapUshellNavTreeIconSize": "1rem",
		"sapUshellNavTreeIconPadding": "1rem",
		"sapUshellNavTreeSinglePadding": "1rem",
		"sapUshellNavTreeParentPadding": "1rem",
		"sapUshellNavTreeChildPadding": "3.5rem",
		"sapUshellNotificationsTabBarRightPadding": "3.25rem",
		"sapUshellNotificationsTabBarLeftPadding": "1.25rem",
		"sapUshellNotificationsLeftPaddingTiny": "1rem",
		"sapUshellNotificationsLeftPaddingSmall": "3rem",
		"sapUshellNotificationsLeftPaddingMedium": "6rem",
		"sapUshellNotificationsLeftPaddingLarge": "9rem",
		"sapUshellNotificationsRightPaddingTiny": "1.75rem",
		"sapUshellNotificationsRightPaddingSmall": "2rem",
		"sapUshellNotificationsRightPaddingMedium": "2rem",
		"sapUshellNotificationsRightPaddingLarge": "2rem",
		"sapUshellPlusTileIconFontSize": "1.8em",
		"sapUshellRightFloatingContainerItemWidth": "20rem",
		"searchPhoneSize": "(max-width: 767px)",
		"searchTabletSize": "(min-width: 768px) and (max-width: 1150px)",
		"searchNotPhoneSize": "(min-width: 768px)",
		"searchDesktopSize": "(min-width: 1151px)",
		"sapUshellShellHeadCenterAnimDuration": "200ms",
		"sapUshellShellHeadCenterAnimDelay": "30ms",
		"sapUshellShellHeadButtonOuterSpace": "0.25rem",
		"sapUshellShellHeadButtonInnerSpace": "0.56rem",
		"sapUshellShellHeadButtonOutlineWidth": "0.0625rem",
		"sapUshellShellHeadButtonSeparatorWidth": "0.0625rem",
		"sapUshellShellHeadButtonBorderRadius": "0.125rem",
		"sapUshellShellHeadButtonHeight": "2.25rem",
		"sapUshellShellBrandHeight": "0.125rem",
		"sapUshellShellHeaderBarHeight": "2.75rem",
		"sapUshellShellHeadHeight": "2.875rem",
		"sapUshellShellAnimDuration": "500ms",
		"sapUshellCoPilotDockingWidth": "26rem",
		"sapUshellSplitContAnimationDuration": "500ms",
		"sapUshellTileWidthDesktop": "11rem",
		"sapUshellTileHeightDesktop": "11rem",
		"sapUshellTileLongWidthDesktop": "22.4375rem",
		"sapUshellTileLongHeightDesktop": "11rem",
		"sapUshellTileWidthPhone": "9.25rem",
		"sapUshellTileHeightPhone": "9.25rem",
		"sapUshellTileLongWidthPhone": "19rem",
		"sapUshellTileLongHeightPhone": "9.25rem",
		"sapUshellTileSpacingDesktop": "0.4375rem",
		"sapUshellTileShadowWidth": "0.25rem",
		"sapUshellTileSpacingBottomDesktop": "1rem",
		"sapUshellTileSpacingPhone": "0.4375rem",
		"sapUshellTileSpacingBottomPhone": "1rem",
		"sapUshellTileFooterHeight": "2rem",
		"sapUshellTileFooterWidth": "4rem",
		"sapUshellTileFooterCornerRadius": "0.25rem",
		"sapUshellTileFloat": "left",
		"sapUshellTileCursor": "pointer",
		"sapUshellTileFooterLineHeight": "inherit",
		"sapUshellTileBorderThickness": "0",
		"sapUshellTileBorderRadiusDesktop": "0.125rem",
		"sapUshellTileBorderRadiusPhone": "0.125rem",
		"sapUshellTileFooterPosition": "relative",
		"sapUshellTileFooterPositionTop": "0.44rem",
		"sapUshellTileFooterTextAlignment": "center",
		"oppercent": "100",
		"sapUshellTileBaseTextHighlightBgcolor": "#fef0db",
		"sapUshellTileBaseTitleFontFamily": "Arial, Helvetica, sansSerif",
		"sapUshellTileBaseTitleFontWeight": "normal",
		"sapUshellTileBaseTitleFontSizeDesktop": "1rem",
		"sapUshellTileBaseTitleLineHeightDesktop": "1.25rem",
		"sapUshellTileBaseTitleMaxHeightDesktop": "2.4rem",
		"sapUshellTileBaseTitleFontSizePhone": "0.875rem",
		"sapUshellTileBaseTitleLineHeightPhone": "1.25rem",
		"sapUshellTileBaseSubtitleFontFamily": "\"72\", \"72full\", Arial, Helvetica, sans-serif",
		"sapUshellTileBaseSubtitleFontWeight": "normal",
		"sapUshellTileBaseSubtitleFontSizeDesktop": "0.875rem",
		"sapUshellTileBaseSubtitleLineHeightDesktop": "1.375rem",
		"sapUshellTileBaseSubtitleFontSizePhone": "0.75rem",
		"sapUshellTileBaseSubtitleLineHeightPhone": "1.125rem",
		"sapUshellTileBaseBottomlineFontFamily": "\"72\", \"72full\", Arial, Helvetica, sans-serif",
		"sapUshellTileBaseBottomlineFontWeight": "normal",
		"sapUshellTileBaseBottomlineColor": "lightgray",
		"sapUshellTileBaseBottomlineFontSizeDesktop": "0.875rem",
		"sapUshellTileBaseBottomlineLineHeightDesktop": "1.38rem",
		"sapUshellTileBaseBottomlineBottomDesktop": "0.125rem",
		"sapUshellTileBaseBottomlineFontSizePhone": "0.75rem",
		"sapUshellTileBaseBottomlineLineHeightPhone": "1.13rem",
		"sapUshellTileBaseBottomlineBottomPhone": "0.31rem",
		"sapUshellTileBaseIconBottomDesktop": "2rem",
		"sapUshellTileBaseIconFontSizeDesktop": "2.25rem",
		"sapUshellTileBaseIconBottomPhone": "1.81rem",
		"sapUshellTileBaseIconFontSizePhone": "1.5rem",
		"sapUshellTileBasePaddingDesktopHorizontal": "0.5rem",
		"sapUshellTileBasePaddingDesktopVertical": "0.5rem",
		"sapUshellTileBasePaddingPhoneHorizontal": "0.375rem",
		"sapUshellTileBasePaddingPhoneVertical": "0.625rem",
		"sapUshellTileContainerSpacing": "0.5rem",
		"sapUshellTileContainerSpacingDesktop": "0.5rem 0 0.5rem 0.5rem",
		"sapUshellTileContainerSpacingMobileLeft": "0.5rem",
		"sapUshellTileContainerSpacingMobile": "0 0 0 0.5rem",
		"sapUshellTileContainerCatalogGroupTitleMarginTopDesktop": "1rem",
		"sapUshellTileContainerCatalogGroupTitleMarginBottomDesktop": "1.5rem",
		"sapUshellTileContainerCatalogGroupTitleMarginTopPhone": "1rem",
		"sapUshellTileContainerCatalogGroupTitleMarginBottomPhone": "1.5rem",
		"sapUshellTileContainerDashboardGroupTitleFontSizeDesktop": "1.125rem",
		"sapUshellTileContainerDashboardGroupTitleFontSizePhone": "1.125rem",
		"sapUshellLinksSpacing": "0.5rem",
		"sapUshellTilePlaceHolderBorder": "0.125rem",
		"sapUshellToolAreaItemWidth": "15rem",
		"sapUshellToolAreaItemWidthPhone": "13rem",
		"sapUshellToolAreaItemHeigth": "3.0625rem",
		"sapUshellViewPortFullWidth": "100%",
		"sapUshellLeftViewPortWidthXS": "36rem",
		"sapUshellLeftViewPortWidthS": "39rem",
		"sapUshellLeftViewPortWidthM": "47rem",
		"sapUshellLeftViewPortWidthL": "50rem",
		"sapUshellRightViewPortWidthXS": "39rem",
		"sapUshellRightViewPortWidthS": "49rem",
		"sapUshellRightViewPortWidthM": "55rem",
		"sapUshellRightViewPortWidthL": "60rem",
		"sapUshellRightViewPortWidthXL": "65rem",
		"sapUshellRightViewPortWidthXXL": "68rem",
		"sapUshellRightViewPortNegativeWidthXS": "-39rem",
		"sapUshellRightViewPortNegativeWidthS": "-49rem",
		"sapUshellRightViewPortNegativeWidthM": "-55rem",
		"sapUshellRightViewPortNegativeWidthL": "-60rem",
		"sapUshellRightViewPortNegativeWidthXL": "-65rem",
		"sapUshellRightViewPortNegativeWidthXXL": "-68rem",
		"_sap_ushell_ActionItem_ButtonBackground_Changed": "#fff",
		"_sap_ushell_ActionItem_ButtonBackground": "rgba(255,255,255,0.3)",
		"sapUshellActiveTile": "rgba(255,255,255,0.3)",
		"sapUshellSelectedTile": "rgba(81,162,68,0.4)",
		"sapUshellAnchorItemNotRenderedColor": "rgba(255,255,255, 0.5)",
		"sapUshellOverflowArrowsLowerGradient": "rgba(0, 0, 0, 1)",
		"sapUshellOverflowArrowsUpperGradient": "rgba(0, 0, 0, 0)",
		"sapUshellOverflowArrowsHoverColor": "#3f7e35",
		"sapUshellAnchorBarLine": "rgba(63,126,53,0.1)",
		"sapUshellPopupOpenButtonHoverColor": "rgba(63,126,53,0.15)",
		"sapUshellCatalogMenuBarBackground": "transparent",
		"sapUshellCatalogMenuBarBoxShadow": "none",
		"sapUshellFiori2loadingDialogBackgroundColorBelize": "rgba(255,255,255,0.8)",
		"loadingDialogBackgroundColor": "#d8d8d8",
		"sapUshellImageBorder": "rgba(63,126,53,0.15)",
		"sapUshellRecentActivitiesLine": "rgba(63,126,53,0.4)",
		"sapUshellNavigationBarLine": "rgba(63,126,53,0.4)",
		"sapNotificationListItemBG": "#3f5161",
		"sapUshellHeaderHoverColor": "rgba(63,126,53,0.15)",
		"sapUshellShellCurtainBGStartColor": "rgba(216,216,216,0.97)",
		"sapUshellShellCurtainBGEndColor": "rgba(255,255,255,0.97)",
		"sapUshellShellCurtainBGStartColor_IE": "#d8d8d8",
		"sapUshellShellCurtainBGEndColor_IE": "#fff",
		"sapUshellShellBackgroundShapesColor": "rgba(255,255,255,0.08)",
		"sapUshellTileTextColor": "#666",
		"sapUshellTileBorderColor": "transparent",
		"sapUshellTileFooterBorder": "transparent",
		"sapUshellTileFooterFontSize": "1rem",
		"sapUshellTileFooterIconColor": "#666",
		"sapUshellTileBaseTitleColor": "#666",
		"sapUshellTileBaseSubtitleColor": "#999",
		"sapUshellGroupHeaderTitleColor": "#3f7e35",
		"sapUshellTileContainerDashboardGroupTitleFontFamily": "\"72\", \"72full\", Arial, Helvetica, sans-serif",
		"sapUshellTileContainerDashboardGroupTitleFontWeight": "normal",
		"sapUshellTileContainerEditModeBGColor": "rgba(244,244,244,0.3)",
		"sapUshellTileContainerHeaderActionsButtonHover": "rgba(178,178,178,0.5)",
		"sapUshellTileContainerCloneColor": "transparent",
		"sapUshellTileContainerPlaceholderColor": "#3f7e35",
		"sapUshellTileContainerAddGroupText": "#3f7e35",
		"sapUshellLinkContainerBackgroundColor": "#ffffff",
		"sapUshellHiddenGroupBackground": "rgba(151,139,139,0.1)",
		"sapUshellTileContainerCatalogGroupTitleFontFamily": "\"72\", \"72full\", Arial, Helvetica, sans-serif",
		"sapUshellTileContainerCatalogGroupTitleFontWeight": "normal",
		"sapUshellToolAreaItemHoverBG": "#45596a",
		"sapUshellToolAreaItemBG": "#3f5161",
		"sapUshellToolAreaItemSelectedBG": "#416b8e",
		"sapUshellToolAreaItemIconColor": "#b7cee4",
		"sapUshellToolAreaItemSeparatorColor": "#4d6376"
	},
	"scopes": {
		"sapContrast": {
			"sapBrandColor": "#427cac",
			"sapHighlightColor": "#91c8f6",
			"sapBaseColor": "#3f5161",
			"sapBackgroundColor": "#3f5161",
			"sapTextColor": "#fafafa",
			"sapLinkColor": "#7ed0ff",
			"sapCompanyLogo": "none",
			"sapSelectedColor": "#91c8f6",
			"sapActiveColor": "#91c8f6",
			"sapHighlightTextColor": "#2f3c48",
			"sapTitleColor": "#fafafa",
			"sapNegativeColor": "#ff8888",
			"sapCriticalColor": "#fabd64",
			"sapPositiveColor": "#abe2ab",
			"sapNeutralColor": "#d3d7d9",
			"sapNegativeElementColor": "#ff8888",
			"sapCriticalElementColor": "#fabd64",
			"sapPositiveElementColor": "#abe2ab",
			"sapNeutralElementColor": "#d3d7d9",
			"sapContent_IconColor": "#cae4fb",
			"sapContent_ContrastIconColor": "#2f3c48",
			"sapContent_NonInteractiveIconColor": "#97aabb",
			"sapContent_MarkerIconColor": "#8ca7d5",
			"sapContent_MarkerTextColor": "#b7cfe4",
			"sapContent_ImagePlaceholderBackground": "#69859d",
			"sapContent_ImagePlaceholderForegroundColor": "#495e70",
			"sapContent_FocusColor": "#fff",
			"sapContent_ContrastFocusColor": "#000",
			"sapContent_SearchHighlightColor": "#058088",
			"sapContent_LabelColor": "#ddd",
			"sapContent_DisabledTextColor": "rgba(250,250,250,0.5)",
			"sapContent_ContrastTextThreshold": "0.5",
			"sapContent_ContrastTextColor": "#2f3c48",
			"sapContent_ForegroundColor": "#4d6377",
			"sapContent_ForegroundBorderColor": "#889eb1",
			"sapContent_ForegroundTextColor": "#fafafa",
			"sapShell_Background": "#6585a3",
			"sapShell_BackgroundImage": "linear-gradient(to bottom, #2b4863, #9ebfde)",
			"sapShell_BackgroundGradient": "linear-gradient(to bottom, #2b4863, #9ebfde)",
			"sapShell_TextColor": "#fff",
			"sapButton_Background": "#435667",
			"sapButton_BorderColor": "#a0b2c1",
			"sapButton_TextColor": "#cae4fb",
			"sapButton_Hover_Background": "#4f657a",
			"sapButton_Hover_BorderColor": "#a0b2c1",
			"sapButton_Hover_TextColor": "#62b0f2",
			"sapButton_Emphasized_Background": "#5496cd",
			"sapButton_Emphasized_BorderColor": "#408ac7",
			"sapButton_Emphasized_TextColor": "#fff",
			"sapButton_Reject_Background": "#435667",
			"sapButton_Accept_Background": "#435667",
			"sapField_Background": "#495e70",
			"sapField_BorderColor": "#7891a7",
			"sapField_TextColor": "#fff",
			"sapField_HelpBackground": "#495e70",
			"sapField_Hover_Background": "#495e70",
			"sapField_Hover_BorderColor": "#91c8f6",
			"sapField_Hover_HelpBackground": "#91c8f6",
			"sapField_Focus_Background": "#495e70",
			"sapField_Focus_BorderColor": "#7891a7",
			"sapField_Focus_HelpBackground": "#495e70",
			"sapField_Disabled_TextColor": "rgba(255,255,255,0.5)",
			"sapField_ReadOnly_Background": "transparent",
			"sapField_ReadOnly_BorderColor": "#7891a7",
			"sapField_ReadOnly_HelpBackground": "transparent",
			"sapField_RequiredColor": "#d88b8b",
			"sapField_InvalidColor": "#ff8888",
			"sapField_InvalidBackground": "#495e70",
			"sapField_WarningColor": "#fabd64",
			"sapField_WarningBackground": "#495e70",
			"sapField_SuccessColor": "#abe2ab",
			"sapField_SuccessBackground": "#495e70",
			"sapGroup_TitleBorderColor": "#69859d",
			"sapGroup_TitleTextColor": "#fafafa",
			"sapGroup_ContentBackground": "#3f5161",
			"sapGroup_ContentBorderColor": "#4f667a",
			"sapToolbar_SeparatorColor": "rgba(239,244,249,0.2)",
			"sapList_HeaderBackground": "#3c4d5c",
			"sapList_HeaderBorderColor": "#4d6377",
			"sapList_HeaderTextColor": "#fafafa",
			"sapList_BorderColor": "#4d6377",
			"sapList_HighlightColor": "#427cac",
			"sapList_SelectionBackgroundColor": "#496b8a",
			"sapList_Background": "#3f5161",
			"sapList_Hover_Background": "#45596a",
			"sapScrollBar_FaceColor": "#0099db",
			"sapScrollBar_TrackColor": "#3f5161",
			"sapScrollBar_BorderColor": "#0099db",
			"sapScrollBar_SymbolColor": "#cae4fb",
			"sapScrollBar_Hover_FaceColor": "#00a4ea",
			"sapPageHeader_Background": "#3f5161",
			"sapPageHeader_BorderColor": "#4f667a",
			"sapPageHeader_TextColor": "#fafafa",
			"sapPageFooter_Background": "#2f3c48",
			"sapPageFooter_TextColor": "#fafafa",
			"sapObjectHeader_Background": "#3f5161",
			"sapTile_Background": "#3f5161",
			"sapTile_TitleTextColor": "#fafafa",
			"sapTile_TextColor": "#ddd",
			"sapTile_IconColor": "#83c0f6",
			"sapChart_Bad": "#f55556",
			"sapChart_Critical": "#f4ac44",
			"sapChart_Good": "#69c683",
			"sapChart_Neutral": "#9ea8ad",
			"sapChart_Sequence_Neutral": "#9ea8ad",
			"sapUiBrand": "#427cac",
			"sapUiHighlight": "#91c8f6",
			"sapUiBaseColor": "#3f5161",
			"sapUiBaseBG": "#3f5161",
			"sapUiGlobalBackgroundColor": "#3f5161",
			"sapUiBaseText": "#fafafa",
			"sapUiLink": "#7ed0ff",
			"sapUiGlobalLogo": "none",
			"sapUiSelected": "#91c8f6",
			"sapUiActive": "#91c8f6",
			"sapUiHighlightTextColor": "#2f3c48",
			"sapUiTextTitle": "#fafafa",
			"sapUiContentIconColor": "#cae4fb",
			"sapUiContentContrastIconColor": "#2f3c48",
			"sapUiContentNonInteractiveIconColor": "#97aabb",
			"sapUiContentMarkerIconColor": "#8ca7d5",
			"sapUiContentMarkerTextColor": "#b7cfe4",
			"sapUiContentImagePlaceholderBackground": "#69859d",
			"sapUiContentImagePlaceholderForegroundColor": "#495e70",
			"sapUiContentFocusColor": "#fff",
			"sapUiContentContrastFocusColor": "#000",
			"sapUiContentSearchHighlightColor": "#058088",
			"sapUiContentLabelColor": "#ddd",
			"sapUiContentDisabledTextColor": "rgba(250,250,250,0.5)",
			"sapUiContentContrastTextThreshold": "0.5",
			"sapUiContentContrastTextColor": "#2f3c48",
			"sapUiContentForegroundColor": "#4d6377",
			"sapUiContentForegroundBorderColor": "#889eb1",
			"sapUiContentForegroundTextColor": "#fafafa",
			"sapUiShellBackground": "#6585a3",
			"sapUiShellBackgroundImage": "linear-gradient(to bottom, #2b4863, #9ebfde)",
			"sapUiShellBackgroundGradient": "linear-gradient(to bottom, #2b4863, #9ebfde)",
			"sapUiShellTextColor": "#fff",
			"sapUiButtonBackground": "#435667",
			"sapUiButtonBorderColor": "#a0b2c1",
			"sapUiButtonTextColor": "#cae4fb",
			"sapUiButtonHoverBackground": "#4f657a",
			"sapUiButtonHoverBorderColor": "#a0b2c1",
			"sapUiButtonHoverTextColor": "#62b0f2",
			"sapUiButtonEmphasizedBackground": "#5496cd",
			"sapUiButtonEmphasizedBorderColor": "#408ac7",
			"sapUiButtonEmphasizedTextColor": "#fff",
			"sapUiButtonRejectBackground": "#435667",
			"sapUiButtonAcceptBackground": "#435667",
			"sapUiFieldBackground": "#495e70",
			"sapUiFieldBorderColor": "#7891a7",
			"sapUiFieldTextColor": "#fff",
			"sapUiFieldHelpBackground": "#495e70",
			"sapUiFieldHoverBackground": "#495e70",
			"sapUiFieldHoverBorderColor": "#91c8f6",
			"sapUiFieldHoverHelpBackground": "#91c8f6",
			"sapUiFieldFocusBackground": "#495e70",
			"sapUiFieldFocusBorderColor": "#7891a7",
			"sapUiFieldFocusHelpBackground": "#495e70",
			"sapUiFieldReadOnlyBackground": "transparent",
			"sapUiFieldReadOnlyBorderColor": "#7891a7",
			"sapUiFieldReadOnlyHelpBackground": "transparent",
			"sapUiFieldDisabledTextColor": "rgba(255,255,255,0.5)",
			"sapUiFieldRequiredColor": "#d88b8b",
			"sapUiFieldInvalidColor": "#ff8888",
			"sapUiFieldInvalidBackground": "#495e70",
			"sapUiFieldWarningColor": "#fabd64",
			"sapUiFieldWarningBackground": "#495e70",
			"sapUiFieldSuccessColor": "#abe2ab",
			"sapUiFieldSuccessBackground": "#495e70",
			"sapUiGroupTitleBorderColor": "#69859d",
			"sapUiGroupTitleTextColor": "#fafafa",
			"sapUiGroupContentBackground": "#3f5161",
			"sapUiGroupContentBorderColor": "#4f667a",
			"sapUiToolbarSeparatorColor": "rgba(239,244,249,0.2)",
			"sapUiListHeaderBackground": "#3c4d5c",
			"sapUiListHeaderBorderColor": "#4d6377",
			"sapUiListHeaderTextColor": "#fafafa",
			"sapUiListBorderColor": "#4d6377",
			"sapUiListHighlightColor": "#427cac",
			"sapUiListSelectionBackgroundColor": "#496b8a",
			"sapUiListBackground": "#3f5161",
			"sapUiListHoverBackground": "#45596a",
			"sapUiScrollBarFaceColor": "#0099db",
			"sapUiScrollBarTrackColor": "#3f5161",
			"sapUiScrollBarBorderColor": "#0099db",
			"sapUiScrollBarSymbolColor": "#cae4fb",
			"sapUiScrollBarHoverFaceColor": "#00a4ea",
			"sapUiPageHeaderBackground": "#3f5161",
			"sapUiPageHeaderBorderColor": "#4f667a",
			"sapUiPageHeaderTextColor": "#fafafa",
			"sapUiPageFooterBackground": "#2f3c48",
			"sapUiPageFooterTextColor": "#fafafa",
			"sapUiObjectHeaderBackground": "#3f5161",
			"sapUiTileBackground": "#3f5161",
			"sapUiTileTitleTextColor": "#fafafa",
			"sapUiTileTextColor": "#ddd",
			"sapUiTileIconColor": "#83c0f6",
			"sapUiChartBad": "#f55556",
			"sapUiChartCritical": "#f4ac44",
			"sapUiChartGood": "#69c683",
			"sapUiChartNeutral": "#9ea8ad",
			"sapUiChartSequenceNeutral": "#9ea8ad",
			"sapUiErrorBG": "#500",
			"sapUiWarningBG": "#5c3803",
			"sapUiSuccessBG": "#174417",
			"sapUiNeutralBG": "#393e41",
			"sapUiErrorBorder": "#ff8888",
			"sapUiWarningBorder": "#fabd64",
			"sapUiSuccessBorder": "#abe2ab",
			"sapUiNeutralBorder": "#d3d7d9",
			"sapUiNegativeElement": "#ff8888",
			"sapUiCriticalElement": "#fabd64",
			"sapUiPositiveElement": "#abe2ab",
			"sapUiNeutralElement": "#d3d7d9",
			"sapUiNegativeText": "#ff8888",
			"sapUiCriticalText": "#fabd64",
			"sapUiPositiveText": "#abe2ab",
			"sapUiNeutralText": "#d3d7d9",
			"sapUiNegative": "#ff8888",
			"sapUiCritical": "#fabd64",
			"sapUiPositive": "#abe2ab",
			"sapUiNeutral": "#d3d7d9",
			"sapUiErrorColor": "#fbb",
			"sapUiWarningColor": "#fcd295",
			"sapUiSuccessColor": "#d1efd1",
			"sapUiChartLabelHoverColor": "#4f657a",
			"sapUiChartLabelPressedColor": "#427cac",
			"sapUiChartCategoryAxisLabelFontColor": "#fafafa",
			"sapUiChartValueAxisLabelFontColor": "#fafafa",
			"sapUiChartLegendLabelFontColor": "#fafafa",
			"sapUiChartLegendTitleFontColor": "#fafafa",
			"sapUiChartPaletteUndefinedColor": "#fafafa",
			"sapUiChartGridlineColor": "#999",
			"sapUiChartReferenceLineColor": "#fff",
			"sapUiChartDataLabelFontColor": "#fafafa",
			"sapUiChartReferenceLineLabelColor": "#fafafa",
			"sapUiChartPopoverDataItemFontColor": "#fafafa",
			"sapUiChartPopoverGroupFontColor": "#fafafa",
			"sapUiChartScrollBarThumbColor": "#0099db",
			"sapUiChartScrollBarTrackColor": "#3f5161",
			"sapUiChartScrollBarThumbHoverColor": "#00a4ea",
			"sapUiChartMainTitleFontColor": "#fafafa",
			"sapUiChartAxisTitleFontColor": "#fafafa",
			"sapUiChartLightText": "#fafafa",
			"sapUiChartZeroAxisColor": "#fff",
			"sapUiChartDataPointBorderColor": "#3f5161",
			"sapUiChartDataPointBorderHoverSelectedColor": "#fff",
			"sapUiChartDataPointNotSelectedBackgroundOpacity": "0.7",
			"sapUiChartCategoryAxisLabelFontHoverColor": "#fafafa",
			"sapUiChartCategoryAxisLabelFontPressedColor": "#fafafa",
			"sapUiChartTargetColor": "#fff",
			"sapUiChartTargetShadowColor": "#000",
			"sapUiChartBubbleBGOpacity": "0.9",
			"sapUiChartScrollbarBorderColor": "#0099db",
			"sapUiChartNegativeLargeText": "#f77c7c",
			"sapUiChartCriticalLargeText": "#f7c174",
			"sapUiChartPositiveLargeText": "#a0dbb1",
			"sapUiChartNeutralLargeText": "#f1f2f3",
			"sapUiChartDataPointBG": "#848f94",
			"sapUiChartDataPointBGBorderColor": "#848f94",
			"sapUiChartDataLineColor": "#fff",
			"sapUiChartRadialRemainingCircle": "#848f94",
			"sapUiChartRadialRemainingCircleBorderColor": "#848f94",
			"sapUiChartRadialBG": "transparent",
			"sapUiChartPaletteSemanticBadLight3": "#fbc4c4",
			"sapUiChartPaletteSemanticBadLight2": "#f99d9e",
			"sapUiChartPaletteSemanticBadLight1": "#f77c7c",
			"sapUiChartPaletteSemanticBad": "#f55556",
			"sapUiChartPaletteSemanticBadDark1": "#f33334",
			"sapUiChartPaletteSemanticBadDark2": "#ef0e0f",
			"sapUiChartPaletteSemanticCriticalLight3": "#fdecd5",
			"sapUiChartPaletteSemanticCriticalLight2": "#fad7a4",
			"sapUiChartPaletteSemanticCriticalLight1": "#f7c174",
			"sapUiChartPaletteSemanticCritical": "#f4ac44",
			"sapUiChartPaletteSemanticCriticalDark1": "#f19714",
			"sapUiChartPaletteSemanticCriticalDark2": "#de890d",
			"sapUiChartPaletteSemanticGoodLight3": "#d8f0df",
			"sapUiChartPaletteSemanticGoodLight2": "#b3e2c0",
			"sapUiChartPaletteSemanticGoodLight1": "#8ed4a2",
			"sapUiChartPaletteSemanticGood": "#69c683",
			"sapUiChartPaletteSemanticGoodDark1": "#45b765",
			"sapUiChartPaletteSemanticGoodDark2": "#3fa45b",
			"sapUiChartPaletteSemanticNeutralLight3": "#f1f2f3",
			"sapUiChartPaletteSemanticNeutralLight2": "#d5dadc",
			"sapUiChartPaletteSemanticNeutralLight1": "#bac1c4",
			"sapUiChartPaletteSemanticNeutral": "#9ea8ad",
			"sapUiChartPaletteSemanticNeutralDark1": "#848f94",
			"sapUiChartPaletteSemanticNeutralDark2": "#69767c",
			"sapUiChartPaletteSequentialNeutralLight3": "#f1f2f3",
			"sapUiChartPaletteSequentialNeutralLight2": "#d5dadc",
			"sapUiChartPaletteSequentialNeutralLight1": "#bac1c4",
			"sapUiChartPaletteSequentialNeutral": "#9ea8ad",
			"sapUiChartPaletteSequentialNeutralDark1": "#848f94",
			"sapUiChartPaletteSequentialNeutralDark2": "#69767c",
			"sapUiChoroplethBG": "#7999a9",
			"sapUiChoroplethRegionBG": "#d5dadc",
			"sapUiMapLegendBG": "#3f5161",
			"sapUiMapLegendBorderColor": "#fff",
			"sapUiShellHoverBackground": "#eff4f9",
			"sapUiShellActiveBackground": "#eff4f9",
			"sapUiShellActiveTextColor": "#2e5778",
			"sapUiShellHoverToggleBackground": "#fff",
			"sapUiShellContainerBackground": "#c4d8eb",
			"sapUiShellAltContainerBackground": "#1b2e40",
			"sapUiShellGroupTextColor": "#fff",
			"sapUiUx3ShellGradientTop": "rgba(145,185,246,0.03)",
			"sapUiLinkActive": "#7ed0ff",
			"sapUiLinkVisited": "#7ed0ff",
			"sapUiLinkHover": "#7ed0ff",
			"sapUiLinkInverted": "#fff",
			"sapUiButtonIconColor": "#cae4fb",
			"sapUiButtonActiveBackground": "#91c8f6",
			"sapUiButtonActiveBorderColor": "#91c8f6",
			"sapUiButtonActiveTextColor": "#2f3c48",
			"sapUiButtonEmphasizedHoverBackground": "#408ac7",
			"sapUiButtonEmphasizedHoverBorderColor": "#408ac7",
			"sapUiButtonEmphasizedActiveBackground": "#91c8f6",
			"sapUiButtonEmphasizedActiveBorderColor": "#91c8f6",
			"sapUiButtonEmphasizedTextShadow": "#000",
			"sapUiButtonAcceptBorderColor": "#abe2ab",
			"sapUiButtonAcceptHoverBackground": "#4f657a",
			"sapUiButtonAcceptHoverBorderColor": "#abe2ab",
			"sapUiButtonAcceptActiveBackground": "#abe2ab",
			"sapUiButtonAcceptActiveBorderColor": "#abe2ab",
			"sapUiButtonAcceptTextColor": "#abe2ab",
			"sapUiButtonRejectBorderColor": "#ff8888",
			"sapUiButtonRejectHoverBackground": "#4f657a",
			"sapUiButtonRejectHoverBorderColor": "#ff8888",
			"sapUiButtonRejectActiveBackground": "#ff8888",
			"sapUiButtonRejectActiveBorderColor": "#ff8888",
			"sapUiButtonRejectTextColor": "#f88",
			"sapUiButtonLiteTextColor": "#cae4fb",
			"sapUiButtonLiteHoverBackground": "rgba(99,127,153,0.5)",
			"sapUiButtonLiteHoverBorderColor": "rgba(99,127,153,0.5)",
			"sapUiButtonLiteActiveBackground": "#91c8f6",
			"sapUiButtonLiteActiveBorderColor": "#91c8f6",
			"sapUiButtonHeaderTextColor": "#cae4fb",
			"sapUiButtonHeaderDisabledTextColor": "#cae4fb",
			"sapUiButtonFooterTextColor": "#cae4fb",
			"sapUiButtonFooterHoverBackground": "rgba(99,127,153,0.5)",
			"sapUiButtonActionSelectBackground": "#2f3c48",
			"sapUiButtonActionSelectBorderColor": "#4d6377",
			"sapUiButtonLiteActionSelectHoverBackground": "#354451",
			"sapUiToggleButtonPressedBackground": "#62b0f2",
			"sapUiToggleButtonPressedBorderColor": "#4aa4f0",
			"sapUiToggleButtonPressedTextColor": "#2f3c48",
			"sapUiToggleButtonPressedHoverBackground": "#91c8f6",
			"sapUiToggleButtonPressedHoverBorderColor": "#91c8f6",
			"sapUiSegmentedButtonBackground": "#435667",
			"sapUiSegmentedButtonBorderColor": "#8199ad",
			"sapUiSegmentedButtonTextColor": "#cae4fb",
			"sapUiSegmentedButtonHoverBackground": "#4f657a",
			"sapUiSegmentedButtonActiveBackground": "#91c8f6",
			"sapUiSegmentedButtonActiveTextColor": "#2f3c48",
			"sapUiSegmentedButtonSelectedBackground": "#62b0f2",
			"sapUiSegmentedButtonSelectedTextColor": "#2f3c48",
			"sapUiSegmentedButtonSelectedHoverBackground": "#91c8f6",
			"sapUiSegmentedButtonSelectedHoverBorderColor": "#91c8f6",
			"sapUiSegmentedButtonIconColor": "#cae4fb",
			"sapUiSegmentedButtonActiveIconColor": "#2f3c48",
			"sapUiSegmentedButtonSelectedIconColor": "#2f3c48",
			"sapUiSegmentedButtonFooterBorderColor": "#a0b2c1",
			"sapUiSegmentedButtonFooterHoverBackground": "#4f657a",
			"sapUiFieldActiveBackground": "#91c8f6",
			"sapUiFieldActiveBorderColor": "#91c8f6",
			"sapUiFieldActiveTextColor": "#2f3c48",
			"sapUiFieldPlaceholderTextColor": "#c3d7e8",
			"sapUiListTextColor": "#fafafa",
			"sapUiListVerticalBorderColor": "#536b80",
			"sapUiListActiveBackground": "#427cac",
			"sapUiListSelectionHoverBackground": "#4e7394",
			"sapUiListFooterBackground": "#2f3c48",
			"sapUiListFooterTextColor": "#fafafa",
			"sapUiListGroupHeaderBackground": "#3f5161",
			"sapUiListTableGroupHeaderBackground": "#3b4c5b",
			"sapUiListTableGroupHeaderBorderColor": "#69859e",
			"sapUiListTableGroupHeaderTextColor": "#b7cfe4",
			"sapUiListTableFooterBorder": "#69859e",
			"sapUiListTableFixedBorder": "#9dafc0",
			"sapUiPageFooterBorderColor": "#475b6d",
			"sapUiInfobarActiveBackground": "#427cac",
			"sapUiObjectHeaderBorderColor": "#4f667a",
			"sapUiCalendarColorToday": "#e57acf",
			"sapUiDragAndDropColor": "#97aabb",
			"sapUiDragAndDropBackground": "#3f5161",
			"sapUiDragAndDropBorderColor": "#889eb1",
			"sapUiDragAndDropActiveColor": "#7ed0ff",
			"sapUiDragAndDropActiveBackground": "rgba(126,208,255,0.1)",
			"sapUiDragAndDropActiveBorderColor": "#7ed0ff",
			"sapUiShadowLevel0": "0 0 0 1px rgba(255,255,255,0.2)",
			"sapUiShadowLevel1": "0 0.125rem 0.5rem 0 rgba(0,0,0,0.2), 0 0 0 1px rgba(255,255,255,0.2)",
			"sapUiShadowLevel2": "0 0.625rem 1.875rem 0 rgba(0,0,0,0.2), 0 0 0 1px rgba(255,255,255,0.2)",
			"sapUiShadowLevel3": "0 1.25rem 5rem 0 rgba(0,0,0,0.2), 0 0 0 1px rgba(255,255,255,0.2)",
			"sapUiShadowText": "0 0 0.125rem #000",
			"sapUiShadowHeader": "0 0.125rem 0 0 #3f5161, inset 0 -0.125rem 0 0 #4f667a",
			"sapUiUx3ShellHeaderImageURL": "",
			"sapUiUx3ShellApplicationImageURL": "none",
			"sapUiExtraLightBG": "#3f5161",
			"sapUiButtonStandardBG": "#3f5161",
			"sapUiText": "#fafafa",
			"sapUiEmphasizedLine": "#91c8f6",
			"sapUiTableRowSelectionBG": "#91c8f6",
			"sapUiTableRowSelectionReadOnlyBG": "#91c8f6",
			"sapUiTextDisabled": "#fff",
			"sapUiNotifierHoverColor": "#91c8f6",
			"sapUiNotificationTimestamp": "#fff",
			"sapUiButtonEmphasizedDisabledBorderColor": "#408ac7",
			"sapUiButtonEmphasizedDisabledBackground": "#5496cd",
			"sapUiButtonAcceptDisabledBorderColor": "#abe2ab",
			"sapUiButtonAcceptDisabledBackground": "#435667",
			"sapUiButtonRejectDisabledBorderColor": "#ff8888",
			"sapUiButtonRejectDisabledBackground": "#435667",
			"sapUiToggleButtonPressedDisabledBackground": "#62b0f2",
			"sapUiToggleButtonPressedDisabledBorderColor": "#4aa4f0",
			"sapUiToggleButtonPressedDisabledTextColor": "#f2f8fe",
			"sapUiPositiveBG": "#abe2ab",
			"sapUiEscapedEmptyString": "",
			"sapUiLightBoxMagnifyingGlassBackgroundColor": "#7ed0ff",
			"_sap_ui_core_LocalBusyIndicator_Background": "rgba(63,81,97,0.72)",
			"_sap_ui_core_LocalBusyIndicator_BackgroundIE": "#3f5161",
			"_sap_ui_core_LocalBusyIndicator_Color": "#427cac",
			"sapBackgroundColorDefault": "#3f5161",
			"sapErrorBackground": "#500",
			"sapWarningBackground": "#5c3803",
			"sapSuccessBackground": "#174417",
			"sapNeutralBackground": "#393e41",
			"sapErrorBorderColor": "#ff8888",
			"sapWarningBorderColor": "#fabd64",
			"sapSuccessBorderColor": "#abe2ab",
			"sapNegativeTextColor": "#ff8888",
			"sapCriticalTextColor": "#fabd64",
			"sapPositiveTextColor": "#abe2ab",
			"sapNeutralTextColor": "#d3d7d9",
			"sapErrorColor": "#ff8888",
			"sapWarningColor": "#fabd64",
			"sapSuccessColor": "#abe2ab",
			"_sap_ui_layout_BlockLayoutCell_background": "#3f5161",
			"_sap_ui_layout_ResponsiveSplitter_PaginatorButtonColor": "#7e96ac",
			"_sap_ui_layout_ResponsiveSplitter_CircleColor": "#495e70",
			"_sap_ui_layout_ResponsiveSplitter_CircleBorderColor": "#7891a7",
			"_sap_ui_layout_Splitter_BarColor": "#69859d",
			"_sap_ui_layout_Splitter_BarHoverColor": "#889eb1",
			"_sap_ui_layout_BlockLayout_BlockColorAccentType9A": "#3f5161",
			"_sap_ui_layout_BlockLayout_BlockColorAccentType9B": "#3b4c5b",
			"_sap_ui_layout_BlockLayout_BlockColorAccentType9C": "#374755",
			"_sap_ui_layout_BlockLayout_BlockColorAccentType9D": "#33424e",
			"_sap_ui_layout_BlockLayout_BlockColorAccentType10A": "#2f3c48",
			"_sap_ui_layout_BlockLayout_BlockColorAccentType10B": "#2b3742",
			"_sap_ui_layout_BlockLayout_BlockColorAccentType10C": "#27323c",
			"_sap_ui_layout_BlockLayout_BlockColorAccentType10D": "#232d36",
			"_sap_ui_layout_BlockLayout_BlockColorAccentType11A": "#3f5161",
			"_sap_ui_layout_BlockLayout_BlockColorAccentType11B": "#313f4b",
			"_sap_ui_layout_BlockLayout_BlockColorAccentType11C": "#2b3742",
			"_sap_ui_layout_BlockLayout_BlockColorAccentType11D": "#232d36",
			"_sap_ui_unified_Calendar_ItemColor": "#4d6377",
			"_sap_ui_unified_Calendar_ItemHoverColor": "#415464",
			"_sap_ui_unified_Calendar_ItemBorderColor": "#3f5161",
			"_sap_ui_unified_Calendar_ItemWeekEndColor": "#45596b",
			"_sap_ui_unified_Calendar_ItemWeekEndHoverColor": "#3d4e5e",
			"_sap_ui_unified_Calendar_ItemOtherMonthColor": "#aeaeae",
			"_sap_ui_unified_Calendar_ItemSelBetweenColor": "#0c5795",
			"_sap_ui_unified_Calendar_ItemSelBetweenHoverColor": "#0e65ad",
			"_sap_ui_unified_Calendar_sapUiCalItemType01": "#ffb914",
			"_sap_ui_unified_Calendar_sapUiCalItemType02": "#f58c4b",
			"_sap_ui_unified_Calendar_sapUiCalItemType03": "#d88b8b",
			"_sap_ui_unified_Calendar_sapUiCalItemType04": "#bd8969",
			"_sap_ui_unified_Calendar_sapUiCalItemType05": "#de54c1",
			"_sap_ui_unified_Calendar_sapUiCalItemType06": "#00a4eb",
			"_sap_ui_unified_Calendar_sapUiCalItemType07": "#21c4c4",
			"_sap_ui_unified_Calendar_sapUiCalItemType08": "#afd645",
			"_sap_ui_unified_Calendar_sapUiCalItemType09": "#38c3ff",
			"_sap_ui_unified_Calendar_sapUiCalItemType10": "#b47ea9",
			"_sap_ui_unified_Calendar_sapUiCalItemType11": "#d1b675",
			"_sap_ui_unified_Calendar_sapUiCalItemType12": "#ffb98d",
			"_sap_ui_unified_Calendar_sapUiCalItemType13": "#ffa1a1",
			"_sap_ui_unified_Calendar_sapUiCalItemType14": "#dcc1b0",
			"_sap_ui_unified_Calendar_sapUiCalItemType15": "#b8adb6",
			"_sap_ui_unified_Calendar_sapUiCalItemType16": "#c1c8d3",
			"_sap_ui_unified_Calendar_sapUiCalItemType17": "#a2c3c3",
			"_sap_ui_unified_Calendar_sapUiCalItemType18": "#a9bc78",
			"_sap_ui_unified_Calendar_sapUiCalItemType19": "#6aafcd",
			"_sap_ui_unified_Calendar_sapUiCalItemType20": "#a2c0f2",
			"_sap_ui_unified_CalendarLegend_sapUiCalLegDayType01": "#ffb914",
			"_sap_ui_unified_CalendarLegend_sapUiCalLegDayType02": "#f58c4b",
			"_sap_ui_unified_CalendarLegend_sapUiCalLegDayType03": "#d88b8b",
			"_sap_ui_unified_CalendarLegend_sapUiCalLegDayType04": "#bd8969",
			"_sap_ui_unified_CalendarLegend_sapUiCalLegDayType05": "#de54c1",
			"_sap_ui_unified_CalendarLegend_sapUiCalLegDayType06": "#00a4eb",
			"_sap_ui_unified_CalendarLegend_sapUiCalLegDayType07": "#21c4c4",
			"_sap_ui_unified_CalendarLegend_sapUiCalLegDayType08": "#afd645",
			"_sap_ui_unified_CalendarLegend_sapUiCalLegDayType09": "#38c3ff",
			"_sap_ui_unified_CalendarLegend_sapUiCalLegDayType10": "#b47ea9",
			"_sap_ui_unified_CalendarLegend_sapUiCalLegDayType11": "#d1b675",
			"_sap_ui_unified_CalendarLegend_sapUiCalLegDayType12": "#ffb98d",
			"_sap_ui_unified_CalendarLegend_sapUiCalLegDayType13": "#ffa1a1",
			"_sap_ui_unified_CalendarLegend_sapUiCalLegDayType14": "#d5b39e",
			"_sap_ui_unified_CalendarLegend_sapUiCalLegDayType15": "#b8adb6",
			"_sap_ui_unified_CalendarLegend_sapUiCalLegDayType16": "#c1c8d3",
			"_sap_ui_unified_CalendarLegend_sapUiCalLegDayType17": "#a2c3c3",
			"_sap_ui_unified_CalendarLegend_sapUiCalLegDayType18": "#a9bc78",
			"_sap_ui_unified_CalendarLegend_sapUiCalLegDayType19": "#6aafcd",
			"_sap_ui_unified_CalendarLegend_sapUiCalLegDayType20": "#a2c0f2",
			"_sap_ui_unified_CalendarRow_sapUiCalendarAppType01": "#ffb914",
			"_sap_ui_unified_CalendarRow_sapUiCalendarAppType02": "#f58c4b",
			"_sap_ui_unified_CalendarRow_sapUiCalendarAppType03": "#d88b8b",
			"_sap_ui_unified_CalendarRow_sapUiCalendarAppType04": "#bd8969",
			"_sap_ui_unified_CalendarRow_sapUiCalendarAppType05": "#de54c1",
			"_sap_ui_unified_CalendarRow_sapUiCalendarAppType06": "#00a4eb",
			"_sap_ui_unified_CalendarRow_sapUiCalendarAppType07": "#21c4c4",
			"_sap_ui_unified_CalendarRow_sapUiCalendarAppType08": "#afd645",
			"_sap_ui_unified_CalendarRow_sapUiCalendarAppType09": "#38c3ff",
			"_sap_ui_unified_CalendarRow_sapUiCalendarAppType10": "#b47ea9",
			"_sap_ui_unified_CalendarRow_sapUiCalendarAppType11": "#d1b675",
			"_sap_ui_unified_CalendarRow_sapUiCalendarAppType12": "#ffb98d",
			"_sap_ui_unified_CalendarRow_sapUiCalendarAppType13": "#ffa1a1",
			"_sap_ui_unified_CalendarRow_sapUiCalendarAppType14": "#dcc1b0",
			"_sap_ui_unified_CalendarRow_sapUiCalendarAppType15": "#b8adb6",
			"_sap_ui_unified_CalendarRow_sapUiCalendarAppType16": "#c1c8d3",
			"_sap_ui_unified_CalendarRow_sapUiCalendarAppType17": "#a2c3c3",
			"_sap_ui_unified_CalendarRow_sapUiCalendarAppType18": "#a9bc78",
			"_sap_ui_unified_CalendarRow_sapUiCalendarAppType19": "#6aafcd",
			"_sap_ui_unified_CalendarRow_sapUiCalendarAppType20": "#a2c0f2",
			"_sap_ui_unified_CalendarRow_sapUiCalendarRowAppsIntHeadType01": "#473200",
			"_sap_ui_unified_CalendarRow_sapUiCalendarRowAppsIntHeadType02": "#552405",
			"_sap_ui_unified_CalendarRow_sapUiCalendarRowAppsIntHeadType03": "#521c1c",
			"_sap_ui_unified_CalendarRow_sapUiCalendarRowAppsIntHeadType04": "#56331d",
			"_sap_ui_unified_CalendarRow_sapUiCalendarRowAppsIntHeadType05": "#400c35",
			"_sap_ui_unified_CalendarRow_sapUiCalendarRowAppsIntHeadType06": "#1b4050",
			"_sap_ui_unified_CalendarRow_sapUiCalendarRowAppsIntHeadType07": "#0b4141",
			"_sap_ui_unified_CalendarRow_sapUiCalendarRowAppsIntHeadType08": "#29340c",
			"_sap_ui_unified_CalendarRow_sapUiCalendarRowAppsIntHeadType09": "#00405c",
			"_sap_ui_unified_CalendarRow_sapUiCalendarRowAppsIntHeadType10": "#3c2a38",
			"_sap_ui_unified_CalendarRow_sapUiCalendarRowAppsIntHeadType11": "#674e13",
			"_sap_ui_unified_CalendarRow_sapUiCalendarRowAppsIntHeadType12": "#853808",
			"_sap_ui_unified_CalendarRow_sapUiCalendarRowAppsIntHeadType13": "#704b4b",
			"_sap_ui_unified_CalendarRow_sapUiCalendarRowAppsIntHeadType14": "#87502e",
			"_sap_ui_unified_CalendarRow_sapUiCalendarRowAppsIntHeadType15": "#724167",
			"_sap_ui_unified_CalendarRow_sapUiCalendarRowAppsIntHeadType16": "#546074",
			"_sap_ui_unified_CalendarRow_sapUiCalendarRowAppsIntHeadType17": "#2c6868",
			"_sap_ui_unified_CalendarRow_sapUiCalendarRowAppsIntHeadType18": "#566532",
			"_sap_ui_unified_CalendarRow_sapUiCalendarRowAppsIntHeadType19": "#36677d",
			"_sap_ui_unified_CalendarRow_sapUiCalendarRowAppsIntHeadType20": "#003895",
			"_sap_ui_unified_ShellLayout_CurtainBGStartColor": "rgba(63,81,97,0.97)",
			"_sap_m_CheckBox_SelectedWarningColor": "#fabd64",
			"_sap_m_Dialog_HeaderShadowColor": "#4f667a",
			"_sap_m_FeedInput_BackgroundColor": "#69859d",
			"_sap_m_HeaderContainer_TranslucentBackground": "rgba(63,81,97,0.6)",
			"_sap_m_IconTabBar_TextHoverColor": "#fff",
			"_sap_m_IconTabBar_SelectedTextColor": "#91c8f6",
			"_sap_m_IconTabBar_SelectedTextHoverColor": "#c0e0fa",
			"_sap_m_Link_TextShadowColor": "0 0 0.125rem #000",
			"_sap_m_ListItemBase_ListTextShadowColor": "0 0 0.125rem #000",
			"_sap_m_NotificationListBase_Background": "rgba(63,81,97,0.6)",
			"_sap_m_NotificationListGroup_CombinationBackground": "#3f5161",
			"_sap_m_NewsContent_HeaderTextColor": "#fafafa",
			"_sap_m_NewsContent_SubHeaderTextColor": "#ddd",
			"_sap_m_ObjectMarker_LinkShadowColor": "0 0 0.125rem #000",
			"_sap_m_ObjectNumber_TextShadowColor": "0 0 0.125rem #000",
			"_sap_m_ObjectStatus_TextShadowColor": "0 0 0.125rem #000",
			"_sap_m_RadioButton_SelectedWarningColor": "#fabd64",
			"_sap_m_RangeSlider_HandleHoverBackground": "rgba(43,55,66,0.6)",
			"_sap_m_RangeSlider_HandleBorderColor": "#536b7f",
			"_sap_m_RatingIndicator_IconUnselectedColor": "#9dafc0",
			"_sap_m_RatingIndicator_IconHoverColor": "#faaf00",
			"_sap_m_Slider_Background": "#69849d",
			"_sap_m_Slider_HandleBorderColor": "#a6b7c5",
			"_sap_m_Slider_HandleHoverBackground": "rgba(105,133,157,0.6)",
			"_sap_m_StandardListItem_TextShadowColor": "0 0 0.125rem #000",
			"_sap_m_StandardListItem_SelectedLabelColor": "#e7e7e7",
			"_sap_m_Switch_OffBackground": "#3f5161",
			"_sap_m_Switch_OffBorderColor": "#97aabb",
			"_sap_m_TabStrip_ItemHoverTextColor": "#fff",
			"_sap_m_TabStrip_ItemSelectedTextColor": "#fff",
			"_sap_m_TileContent_NewsFooterTextColor": "#ddd",
			"_sap_m_TimePicker_ItemColor": "#577086",
			"_sap_m_TimePicker_ItemHoverColor": "#435668",
			"_sap_m_TimePicker_ItemBorderColor": "#617d96",
			"_sap_m_Token_BorderColor": "#617d95",
			"_sap_m_Token_HoverBorderColor": "#597289",
			"_sap_m_ViewSettingsDialog_HeaderBorderColor": "#4f667a",
			"_sap_m_WizardProgressNavigator_NavAnchorCircleHoverColor": "#354452",
			"_sap_m_WizardProgressNavigator_NavAnchorTitleSelectedTextColor": "#fff",
			"_sap_m_WizardProgressNavigator_NavAnchorTitleHoverTextColor": "#fff",
			"sapUshellLoadingFlowerLeafBackgroundColor": "#009de0",
			"sapUshellTileBaseTextHighlightBgcolor": "#5c3803",
			"_sap_ushell_ActionItem_ButtonBackground_Changed": "#1b2e40",
			"_sap_ushell_ActionItem_ButtonBackground": "rgba(27,46,64,0.3)",
			"sapUshellActiveTile": "rgba(63,81,97,0.3)",
			"sapUshellSelectedTile": "rgba(145,200,246,0.4)",
			"sapUshellOverflowArrowsHoverColor": "#cae4fb",
			"sapUshellAnchorBarLine": "rgba(255,255,255,0.1)",
			"sapUshellPopupOpenButtonHoverColor": "rgba(239,244,249,0.15)",
			"sapUshellFiori2loadingDialogBackgroundColorBelize": "rgba(63,81,97,0.8)",
			"loadingDialogBackgroundColor": "#6585a3",
			"sapUshellImageBorder": "rgba(255,255,255,0.15)",
			"sapUshellRecentActivitiesLine": "rgba(202,228,251,0.4)",
			"sapUshellNavigationBarLine": "rgba(202,228,251,0.4)",
			"sapUshellHeaderHoverColor": "rgba(239,244,249,0.15)",
			"sapUshellShellCurtainBGStartColor": "rgba(101,133,163,0.97)",
			"sapUshellShellCurtainBGStartColor_IE": "#6585a3",
			"sapUshellTileTextColor": "#ddd",
			"sapUshellTileFooterIconColor": "#ddd",
			"sapUshellTileBaseTitleColor": "#ddd",
			"sapUshellTileBaseSubtitleColor": "#fff",
			"sapUshellGroupHeaderTitleColor": "#fff",
			"sapUshellTileContainerEditModeBGColor": "rgba(63,81,97,0.3)",
			"sapUshellTileContainerHeaderActionsButtonHover": "rgba(99,127,153,0.5)",
			"sapUshellTileContainerPlaceholderColor": "#fff",
			"sapUshellTileContainerAddGroupText": "#cae4fb",
			"sapUshellLinkContainerBackgroundColor": "#3f5161",
			"sapUshellHiddenGroupBackground": "rgba(42,62,80,0.1)"
		}
	}
}