{
  "controller/NotFound-dbg.controller.js": 1630324449419,
  "i18n/i18n_fr.properties": 1630324449419,
  "i18n/i18n.properties": 1630324449419,
  "controller/BaseController.js": 1630324449419,
  "manifest.json": 1631688523888,
  "model/models.js": 1630324449419,
  "controller/Worklist.controller.js": 1631618629136,
  "controller/NotFound.controller.js": 1630324449419,
  "controller/ErrorHandler.js": 1630324449419,
  ".vscode/settings.json": 1630324449419,
  "controller/App.controller.js": 1630324449419,
  "Component.js": 1630324449419,
  "manifest-bundle.zip": 1631688523900,
  "Component-preload.js": 1631688524335,
  "controller/App-dbg.controller.js": 1630324449419,
  "controller/Worklist-dbg.controller.js": 1631618629136,
  "i18n/i18n_de.properties": 1630324449419,
  "controller/ErrorHandler-dbg.js": 1630324449419,
  "controller/BaseController-dbg.js": 1630324449419,
  "model/models-dbg.js": 1630324449419,
  "Component-dbg.js": 1630324449419,
  "view/Worklist.view.xml": 1630324449419,
  "view/PersonalizationDialog.fragment.xml": 1630324449419,
  "view/NotFound.view.xml": 1630324449419,
  "view/MaterialDespDialo.fragment.xml": 1630324449419,
  "view/App.view.xml": 1630324449419,
  "images/favicon.png": 1630324449419,
  "css/style.css": 1630324449419,
  "logout.html": 1630324449419,
  "index.html": 1630324449419
}