{
  "welcomeFile": "/index.html",
  "logout": { 
    "logoutEndpoint": "/logout.html",
    "logoutPage": "/logout.html"
  }, 
  "authenticationMethod": "route",
  "routes": [
    {
      "source": "^/GWaaS/(.*)$",
      "target": "$1",
      "destination": "GWaaS",
      "authenticationType": "xsuaa",
      "csrfProtection": false
    },
    {
      "source": "^/resources/(.*)$",
      "target": "/resources/$1",
      "authenticationType": "none",
      "destination": "ui5"
    },
    {
      "source": "^/test-resources/(.*)$",
      "target": "/test-resources/$1",
      "authenticationType": "none",
      "destination": "ui5"
    },
    {
      "source": "^(.*)$",
      "target": "$1",
      "service": "html5-apps-repo-rt",
      "authenticationType": "xsuaa"
    }
  ]
}
