{
  "welcomeFile": "/webapp/index.html",
  "routes": [
    {
      "path": "/sap/opu/odata/sap/",
      "target": {
        "type": "destination",
        "name": "PULP_ERP_GATEWAY",
        "entryPath": "/sap/opu/odata/sap/"
      },
      "description": "GateWay"
    },
    {
      "path": "/resources",
      "target": {
        "type": "service",
        "name": "sapui5",
        "entryPath": "/resources",
        "version": "1.60.20"
      },
      "description": "SAPUI5 Resources"
    },
    {
      "path": "/test-resources",
      "target": {
        "type": "service",
        "name": "sapui5",
        "entryPath": "/test-resources",
        "version": "1.60.20"
      },
      "description": "SAPUI5 Test Resources"
    },
    {
     "path": "/services/userapi", 
     "target": {
       "type": "service",
       "name": "userapi"
      }
    }
  ]
}