{
  "i18n/i18n_fr.properties": 1647436022703,
  "i18n/i18n_de.properties": 1647436022703,
  "i18n/i18n.properties": 1647436022703,
  "model/Config.js": 1648545974297,
  "manifest.json": 1649221407017,
  "controller/fragment/SearchDialog.controller.js": 1647436022703,
  "util/validation.js": 1647436022707,
  "util/sorter.js": 1647436022707,
  "util/oData.js": 1647498780643,
  "util/messagebox.js": 1647436022707,
  "util/formatter.js": 1647503433775,
  "util/filter.js": 1647436022707,
  "util/customTypes.js": 1647436022707,
  "util/CordovaCamera.js": 1647436022707,
  "util/BarcodeInput.js": 1647516713346,
  "model/models.js": 1647436165500,
  ".vscode/settings.json": 1647436022703,
  "controller/UsageDecision.controller.js": 1648031638408,
  "controller/Root.controller.js": 1648545921797,
  "controller/RcpQualityMain.controller.js": 1647500107441,
  "controller/RcpQualityCheck.controller.js": 1647500302053,
  "controller/NotFound.controller.js": 1647436022703,
  "controller/CommonController.js": 1647502602930,
  "controller/BaseController.js": 1647436022703,
  "controller/Application.js": 1647436022703,
  "control/CustomUploadCollectionRenderer.js": 1647436022703,
  "control/CustomUploadCollection.js": 1647436022703,
  "control/CustomFileUploaderRenderer.js": 1647436022703,
  "control/CustomFileUploader.js": 1647436022703,
  "Component.js": 1647436022703,
  "manifest-bundle.zip": 1649221407036,
  "Component-preload.js": 1649221407888,
  "model/models-dbg.js": 1647436165500,
  "util/validation-dbg.js": 1647436022707,
  "util/sorter-dbg.js": 1647436022707,
  "util/oData-dbg.js": 1647498780643,
  "util/messagebox-dbg.js": 1647436022707,
  "util/formatter-dbg.js": 1647503433775,
  "util/filter-dbg.js": 1647436022707,
  "util/customTypes-dbg.js": 1647436022707,
  "util/CordovaCamera-dbg.js": 1647436022707,
  "util/BarcodeInput-dbg.js": 1647516713346,
  "controller/fragment/SearchDialog-dbg.controller.js": 1647436022703,
  "model/Config-dbg.js": 1648545974297,
  "controller/UsageDecision-dbg.controller.js": 1648031638408,
  "controller/Root-dbg.controller.js": 1648545921797,
  "controller/RcpQualityMain-dbg.controller.js": 1647500107441,
  "controller/RcpQualityCheck-dbg.controller.js": 1647500302053,
  "controller/NotFound-dbg.controller.js": 1647436022703,
  "controller/CommonController-dbg.js": 1647502602930,
  "controller/BaseController-dbg.js": 1647436022703,
  "controller/Application-dbg.js": 1647436022703,
  "control/CustomUploadCollectionRenderer-dbg.js": 1647436022703,
  "control/CustomUploadCollection-dbg.js": 1647436022703,
  "control/CustomFileUploaderRenderer-dbg.js": 1647436022703,
  "control/CustomFileUploader-dbg.js": 1647436022703,
  "Component-dbg.js": 1647436022703,
  "view/fragment/UploadImageDialog.fragment.xml": 1649221372760,
  "view/fragment/SearchDialog.fragment.xml": 1647436022707,
  "view/fragment/BusyDialogLight.fragment.xml": 1647436022707,
  "view/UsageDecision.view.xml": 1647436022707,
  "view/Root.view.xml": 1647436022707,
  "view/RcpQualityMain.view.xml": 1647436022707,
  "view/RcpQualityCheck.view.xml": 1648546018685,
  "view/NotFound.view.xml": 1647436022707,
  "css/styles.css": 1647436022703,
  "test.html": 1647436022703,
  "index.html": 1647436022703
}