{
    "resources": [
        {
            "name": "Component-dbg.js",
            "isDebug": true
        },
        {
            "name": "Component-preload.js",
            "merged": true
        },
        {
            "name": "Component.js"
        },
        {
            "name": "controller/App-dbg.controller.js",
            "isDebug": true
        },
        {
            "name": "controller/App.controller.js"
        },
        {
            "name": "controller/BaseController-dbg.js",
            "isDebug": true
        },
        {
            "name": "controller/BaseController.js"
        },
        {
            "name": "css/style-dbg.css",
            "isDebug": true
        },
        {
            "name": "css/style.css"
        },
        {
            "name": "di.code-validation.core_issues.json"
        },
        {
            "name": "i18n/i18n.properties",
            "raw": "i18n/i18n.properties"
        },
        {
            "name": "i18n/i18n_et.properties",
            "raw": "i18n/i18n.properties",
            "locale": "_et"
        },
        {
            "name": "i18n/i18n_fi.properties",
            "raw": "i18n/i18n.properties",
            "locale": "_fi"
        },
        {
            "name": "i18n/i18n_ru.properties",
            "raw": "i18n/i18n.properties",
            "locale": "_ru"
        },
        {
            "name": "include/formatter-dbg.js",
            "isDebug": true
        },
        {
            "name": "include/formatter.js"
        },
        {
            "name": "include/quagga.min-dbg.js",
            "isDebug": true
        },
        {
            "name": "include/quagga.min.js"
        },
        {
            "name": "include/sync-dbg.js",
            "isDebug": true
        },
        {
            "name": "include/sync.js"
        },
        {
            "name": "index.html"
        },
        {
            "name": "manifest.json"
        },
        {
            "name": "neo-app.json"
        },
        {
            "name": "tmp/Component-preload.js",
            "merged": true
        },
        {
            "name": "tmp/Component.js"
        },
        {
            "name": "tmp/controller/App.controller.js"
        },
        {
            "name": "tmp/controller/BaseController.js"
        },
        {
            "name": "tmp/css/style.css"
        },
        {
            "name": "tmp/i18n/i18n.properties",
            "raw": "i18n/i18n.properties"
        },
        {
            "name": "tmp/i18n/i18n_et.properties",
            "raw": "i18n/i18n.properties",
            "locale": "_et"
        },
        {
            "name": "tmp/i18n/i18n_fi.properties",
            "raw": "i18n/i18n.properties",
            "locale": "_fi"
        },
        {
            "name": "tmp/i18n/i18n_ru.properties",
            "raw": "i18n/i18n.properties",
            "locale": "_ru"
        },
        {
            "name": "tmp/include/formatter.js"
        },
        {
            "name": "tmp/include/quagga.min.js"
        },
        {
            "name": "tmp/include/sync.js"
        },
        {
            "name": "tmp/index.html"
        },
        {
            "name": "tmp/manifest.json"
        },
        {
            "name": "tmp/view/App.view.js"
        },
        {
            "name": "tmp-dbg/Component.js"
        },
        {
            "name": "tmp-dbg/controller/App.controller.js"
        },
        {
            "name": "tmp-dbg/controller/BaseController.js"
        },
        {
            "name": "tmp-dbg/css/style.css"
        },
        {
            "name": "tmp-dbg/include/formatter.js"
        },
        {
            "name": "tmp-dbg/include/quagga.min.js"
        },
        {
            "name": "tmp-dbg/include/sync.js"
        },
        {
            "name": "tmp-dbg/view/App.view.js"
        },
        {
            "name": "view/App-dbg.view.js",
            "isDebug": true
        },
        {
            "name": "view/App.view.js"
        }
    ]
}