{
  "Component-dbg.js": 1558522218128,
  "Component-preload.js": 1558522218268,
  "Component.js": 1558511354000,
  "controller/App-dbg.controller.js": 1558522218128,
  "controller/App.controller.js": 1558511354000,
  "controller/BaseController-dbg.js": 1558522218128,
  "controller/BaseController.js": 1558511354000,
  "css/style-dbg.css": 1558522218138,
  "css/style.css": 1558522212878,
  "di.code-validation.core_issues.json": 1558522212508,
  "i18n/i18n.properties": 1558511354000,
  "i18n/i18n_et.properties": 1558511354000,
  "i18n/i18n_fi.properties": 1558511354000,
  "i18n/i18n_ru.properties": 1558511354000,
  "include/formatter-dbg.js": 1558522218128,
  "include/formatter.js": 1558511354000,
  "include/quagga.min-dbg.js": 1558522218128,
  "include/quagga.min.js": 1558511354000,
  "include/sync-dbg.js": 1558522218128,
  "include/sync.js": 1558511354000,
  "index.html": 1558511354000,
  "manifest-bundle.zip": 1558522218508,
  "manifest.json": 1558522212698,
  "neo-app.json": 1558522218308,
  "resources.json": 1558522218318,
  "view/App-dbg.view.js": 1558522218138,
  "view/App.view.js": 1558511354000
}