{
  "Component-dbg.js": 1581410309367,
  "Component-preload.js": 1581410309590,
  "Component.js": 1581410291578,
  "controller/App-dbg.controller.js": 1581410309379,
  "controller/App.controller.js": 1581410291668,
  "controller/BaseController-dbg.js": 1581410309389,
  "controller/BaseController.js": 1581410291669,
  "css/style-dbg.css": 1581410309511,
  "css/style.css": 1581410307018,
  "di.code-validation.core_issues.json": 1581410306628,
  "fragments/costCenters.fragment.xml": 1581410291674,
  "fragments/matDocs.fragment.xml": 1581410291679,
  "fragments/stgLocs.fragment.xml": 1581410291681,
  "fragments/vendors.fragment.xml": 1581410291682,
  "i18n/i18n.properties": 1581410291684,
  "i18n/i18n_et.properties": 1581410291691,
  "i18n/i18n_fi.properties": 1581410291686,
  "i18n/i18n_ru.properties": 1581410291688,
  "include/formatter-dbg.js": 1581410309421,
  "include/formatter.js": 1581410291695,
  "include/quagga.min-dbg.js": 1581410309436,
  "include/quagga.min.js": 1581410291700,
  "include/sync-dbg.js": 1581410309454,
  "include/sync.js": 1581410291697,
  "index.html": 1581410291591,
  "manifest-bundle.zip": 1581410309911,
  "manifest.json": 1581410306991,
  "model/models-dbg.js": 1581410309485,
  "model/models.js": 1581410291702,
  "neo-app.json": 1581410309858,
  "resources.json": 1581410309880,
  "view/App-dbg.view.js": 1581410309502,
  "view/App.view.js": 1581410291705
}