{
  "project_info": {
    "project_number": "379513211832",
    "firebase_url": "https://fourmaint.firebaseio.com",
    "project_id": "fourmaint",
    "storage_bucket": "fourmaint.appspot.com"
  },
  "client": [
    {
      "client_info": {
        "mobilesdk_app_id": "1:379513211832:android:c05d66cd21a08b8a",
        "android_client_info": {
          "package_name": "com.upm.maint.approval"
        }
      },
      "oauth_client": [
        {
          "client_id": "379513211832-b0mgibsiahdovcdfs2aqm078lbpm5pd5.apps.googleusercontent.com",
          "client_type": 3
        }
      ],
      "api_key": [
        {
          "current_key": "AIzaSyDdI1bfrSDNl4Dg4i5_yPx2nSsP92j4hoc"
        }
      ],
      "services": {
        "appinvite_service": {
          "other_platform_oauth_client": [
            {
              "client_id": "379513211832-b0mgibsiahdovcdfs2aqm078lbpm5pd5.apps.googleusercontent.com",
              "client_type": 3
            }
          ]
        }
      }
    },
    {
      "client_info": {
        "mobilesdk_app_id": "1:379513211832:android:c337ae741942835d",
        "android_client_info": {
          "package_name": "com.upm.maint.dev"
        }
      },
      "oauth_client": [
        {
          "client_id": "379513211832-b0mgibsiahdovcdfs2aqm078lbpm5pd5.apps.googleusercontent.com",
          "client_type": 3
        }
      ],
      "api_key": [
        {
          "current_key": "AIzaSyDdI1bfrSDNl4Dg4i5_yPx2nSsP92j4hoc"
        }
      ],
      "services": {
        "appinvite_service": {
          "other_platform_oauth_client": [
            {
              "client_id": "379513211832-b0mgibsiahdovcdfs2aqm078lbpm5pd5.apps.googleusercontent.com",
              "client_type": 3
            }
          ]
        }
      }
    },
    {
      "client_info": {
        "mobilesdk_app_id": "1:379513211832:android:397de54a88fca30b",
        "android_client_info": {
          "package_name": "com.upm.maint.production"
        }
      },
      "oauth_client": [
        {
          "client_id": "379513211832-b0mgibsiahdovcdfs2aqm078lbpm5pd5.apps.googleusercontent.com",
          "client_type": 3
        }
      ],
      "api_key": [
        {
          "current_key": "AIzaSyDdI1bfrSDNl4Dg4i5_yPx2nSsP92j4hoc"
        }
      ],
      "services": {
        "appinvite_service": {
          "other_platform_oauth_client": [
            {
              "client_id": "379513211832-b0mgibsiahdovcdfs2aqm078lbpm5pd5.apps.googleusercontent.com",
              "client_type": 3
            }
          ]
        }
      }
    },
    {
      "client_info": {
        "mobilesdk_app_id": "1:379513211832:android:7fb188ba2ff70c2b",
        "android_client_info": {
          "package_name": "com.upm.maint.test"
        }
      },
      "oauth_client": [
        {
          "client_id": "379513211832-b0mgibsiahdovcdfs2aqm078lbpm5pd5.apps.googleusercontent.com",
          "client_type": 3
        }
      ],
      "api_key": [
        {
          "current_key": "AIzaSyDdI1bfrSDNl4Dg4i5_yPx2nSsP92j4hoc"
        }
      ],
      "services": {
        "appinvite_service": {
          "other_platform_oauth_client": [
            {
              "client_id": "379513211832-b0mgibsiahdovcdfs2aqm078lbpm5pd5.apps.googleusercontent.com",
              "client_type": 3
            }
          ]
        }
      }
    },
    {
      "client_info": {
        "mobilesdk_app_id": "1:379513211832:android:19dc6f02f86ce04d",
        "android_client_info": {
          "package_name": "com.upm.fourmaint.approval"
        }
      },
      "oauth_client": [
        {
          "client_id": "379513211832-b0mgibsiahdovcdfs2aqm078lbpm5pd5.apps.googleusercontent.com",
          "client_type": 3
        }
      ],
      "api_key": [
        {
          "current_key": "AIzaSyDdI1bfrSDNl4Dg4i5_yPx2nSsP92j4hoc"
        }
      ],
      "services": {
        "appinvite_service": {
          "other_platform_oauth_client": [
            {
              "client_id": "379513211832-b0mgibsiahdovcdfs2aqm078lbpm5pd5.apps.googleusercontent.com",
              "client_type": 3
            }
          ]
        }
      }
    },
    {
      "client_info": {
        "mobilesdk_app_id": "1:379513211832:android:4c89a11b65f65938",
        "android_client_info": {
          "package_name": "com.upm.fourmaint"
        }
      },
      "oauth_client": [
        {
          "client_id": "379513211832-b0mgibsiahdovcdfs2aqm078lbpm5pd5.apps.googleusercontent.com",
          "client_type": 3
        }
      ],
      "api_key": [
        {
          "current_key": "AIzaSyDdI1bfrSDNl4Dg4i5_yPx2nSsP92j4hoc"
        }
      ],
      "services": {
        "appinvite_service": {
          "other_platform_oauth_client": [
            {
              "client_id": "379513211832-b0mgibsiahdovcdfs2aqm078lbpm5pd5.apps.googleusercontent.com",
              "client_type": 3
            }
          ]
        }
      }
    },
    {
      "client_info": {
        "mobilesdk_app_id": "1:379513211832:android:e9072cd18e0cc48d",
        "android_client_info": {
          "package_name": "com.upm.fourmaint.production"
        }
      },
      "oauth_client": [
        {
          "client_id": "379513211832-b0mgibsiahdovcdfs2aqm078lbpm5pd5.apps.googleusercontent.com",
          "client_type": 3
        }
      ],
      "api_key": [
        {
          "current_key": "AIzaSyDdI1bfrSDNl4Dg4i5_yPx2nSsP92j4hoc"
        }
      ],
      "services": {
        "appinvite_service": {
          "other_platform_oauth_client": [
            {
              "client_id": "379513211832-b0mgibsiahdovcdfs2aqm078lbpm5pd5.apps.googleusercontent.com",
              "client_type": 3
            }
          ]
        }
      }
    },
    {
      "client_info": {
        "mobilesdk_app_id": "1:379513211832:android:c53ac510e36df1bb",
        "android_client_info": {
          "package_name": "com.upm.fourmaint.test"
        }
      },
      "oauth_client": [
        {
          "client_id": "379513211832-b0mgibsiahdovcdfs2aqm078lbpm5pd5.apps.googleusercontent.com",
          "client_type": 3
        }
      ],
      "api_key": [
        {
          "current_key": "AIzaSyDdI1bfrSDNl4Dg4i5_yPx2nSsP92j4hoc"
        }
      ],
      "services": {
        "appinvite_service": {
          "other_platform_oauth_client": [
            {
              "client_id": "379513211832-b0mgibsiahdovcdfs2aqm078lbpm5pd5.apps.googleusercontent.com",
              "client_type": 3
            }
          ]
        }
      }
    },
    {
      "client_info": {
        "mobilesdk_app_id": "1:379513211832:android:6b73e0168e8c7282",
        "android_client_info": {
          "package_name": "com.upm.rafmaint.production"
        }
      },
      "oauth_client": [
        {
          "client_id": "379513211832-b0mgibsiahdovcdfs2aqm078lbpm5pd5.apps.googleusercontent.com",
          "client_type": 3
        }
      ],
      "api_key": [
        {
          "current_key": "AIzaSyDdI1bfrSDNl4Dg4i5_yPx2nSsP92j4hoc"
        }
      ],
      "services": {
        "appinvite_service": {
          "other_platform_oauth_client": [
            {
              "client_id": "379513211832-b0mgibsiahdovcdfs2aqm078lbpm5pd5.apps.googleusercontent.com",
              "client_type": 3
            }
          ]
        }
      }
    },
    {
      "client_info": {
        "mobilesdk_app_id": "1:379513211832:android:ab8384375167e0da",
        "android_client_info": {
          "package_name": "com.upm.rafmaint.test"
        }
      },
      "oauth_client": [
        {
          "client_id": "379513211832-b0mgibsiahdovcdfs2aqm078lbpm5pd5.apps.googleusercontent.com",
          "client_type": 3
        }
      ],
      "api_key": [
        {
          "current_key": "AIzaSyDdI1bfrSDNl4Dg4i5_yPx2nSsP92j4hoc"
        }
      ],
      "services": {
        "appinvite_service": {
          "other_platform_oauth_client": [
            {
              "client_id": "379513211832-b0mgibsiahdovcdfs2aqm078lbpm5pd5.apps.googleusercontent.com",
              "client_type": 3
            }
          ]
        }
      }
    }
  ],
  "configuration_version": "1"
}