<edmx:Edmx xmlns:edmx="http://schemas.microsoft.com/ado/2007/06/edmx" xmlns:sap="http://www.sap.com/Protocols/SAPData"
	xmlns:ux="http://www.sap.com/Protocols/OData4SAP/UX" xmlns:gp="http://www.sap.com/Protocols/SAPData/GenericPlayer" Version="1.0">
	<edmx:DataServices xmlns:m="http://schemas.microsoft.com/ado/2007/08/dataservices/metadata" m:DataServiceVersion="2.0">
		<Schema xmlns="http://schemas.microsoft.com/ado/2008/09/edm" Namespace="ZRCP_SOP_NEW_SRV" sap:schema-version="1" xml:lang="en">
			<EntityType Name="ZRcpSopSuppList" sap:content-version="1">
				<Key><PropertyRef Name="SupplierCode"/></Key><Property Name="SupplierCode" Type="Edm.String" Nullable="false" MaxLength="10" sap:creatable="false" sap:updatable="false"
					sap:label="Vendor"/><Property Name="SupplierLang" Type="Edm.String" Nullable="false" MaxLength="2" sap:creatable="false" sap:updatable="false"
					sap:sortable="false" sap:filterable="false" sap:label="Language"/><Property Name="SupplierName" Type="Edm.String" Nullable="false" MaxLength="35" sap:creatable="false" sap:updatable="false" sap:label="Name"/><Property Name="LoggedOn" Type="Edm.String" Nullable="false" MaxLength="1" sap:creatable="false" sap:updatable="false" sap:sortable="false"
					sap:filterable="false" sap:label="Checkbox"/><Property Name="SupplierType" Type="Edm.String" Nullable="false" MaxLength="2" sap:creatable="false" sap:updatable="false"
					sap:label="Version Number Component"/></EntityType>
			<EntityType Name="ZrcpSopDelList" sap:content-version="1">
				<Key><PropertyRef Name="DeliveryNo"/><PropertyRef Name="DeliveryItem"/></Key><Property Name="DeliveryNo" Type="Edm.String" Nullable="false" MaxLength="10" sap:creatable="false" sap:updatable="false"
					sap:label="Delivery"/><Property Name="PlanDelCount" Type="Edm.String" Nullable="false" MaxLength="10" sap:creatable="false" sap:updatable="false"
					sap:sortable="false" sap:label="Del Count"/><Property Name="DeliveryItem" Type="Edm.String" Nullable="false" MaxLength="6" sap:creatable="false" sap:updatable="false" sap:label="Item"/><Property Name="PurchOrder" Type="Edm.String" Nullable="false" MaxLength="10" sap:creatable="false" sap:updatable="false"
					sap:label="Purchasing Doc."/><Property Name="PoItem" Type="Edm.String" Nullable="false" MaxLength="5" sap:creatable="false" sap:updatable="false" sap:label="Item"/><Property Name="DelDate" Type="Edm.String" Nullable="false" MaxLength="10" sap:creatable="false" sap:updatable="false"
					sap:label="Character Field Length = 10"/></EntityType>
			<EntityType Name="ZrcpMatSearch" sap:content-version="1">
				<Key><PropertyRef Name="Matnr"/></Key><Property Name="Matnr" Type="Edm.String" Nullable="false" MaxLength="18" sap:creatable="false" sap:updatable="false" sap:sortable="false"
					sap:filterable="false" sap:label="Material"/><Property Name="Spras" Type="Edm.String" Nullable="false" MaxLength="2" sap:creatable="false" sap:updatable="false" sap:sortable="false"
					sap:filterable="false" sap:label="Language"/><Property Name="Maktx" Type="Edm.String" Nullable="false" MaxLength="40" sap:creatable="false" sap:updatable="false" sap:sortable="false"
					sap:filterable="false" sap:label="Description"/></EntityType>
			<EntityType Name="ZrcpSopSuppName" sap:content-version="1">
				<Key><PropertyRef Name="Username"/></Key><Property Name="Username" Type="Edm.String" Nullable="false" MaxLength="12" sap:creatable="false" sap:updatable="false" sap:sortable="false"
					sap:filterable="false" sap:label="User"/><Property Name="SupplierType" Type="Edm.String" Nullable="false" MaxLength="1" sap:creatable="false" sap:updatable="false"
					sap:sortable="false" sap:filterable="false" sap:label="SupplierType"/><Property Name="SupplierCode" Type="Edm.String" Nullable="false" MaxLength="10" sap:creatable="false" sap:updatable="false"
					sap:sortable="false" sap:filterable="false" sap:label="Vendor"/><Property Name="SupplierName" Type="Edm.String" Nullable="false" MaxLength="35" sap:creatable="false" sap:updatable="false"
					sap:sortable="false" sap:filterable="false" sap:label="Name"/></EntityType>
			<EntityType Name="ZrcpSopPoInfo" sap:content-version="1">
				<Key><PropertyRef Name="PurchOrder"/><PropertyRef Name="PoItem"/></Key><Property Name="OrdQuantity" Type="Edm.String" Nullable="false" MaxLength="17" sap:creatable="false" sap:updatable="false"
					sap:sortable="false" sap:filterable="false" sap:label="Order Quantity"/><Property Name="DelQuantity" Type="Edm.String" Nullable="false" MaxLength="17" sap:creatable="false" sap:updatable="false"
					sap:sortable="false" sap:filterable="false" sap:label="Delivered"/><Property Name="Currency" Type="Edm.String" Nullable="false" MaxLength="5" sap:creatable="false" sap:updatable="false" sap:sortable="false"
					sap:filterable="false" sap:semantics="currency-code" sap:label="Currency"/><Property Name="GoodsSupplier" Type="Edm.String" Nullable="false" MaxLength="35" sap:creatable="false" sap:updatable="false"
					sap:sortable="false" sap:filterable="false" sap:label="CHAR35"/><Property Name="Price" Type="Edm.String" Nullable="false" MaxLength="17" sap:creatable="false" sap:updatable="false" sap:sortable="false"
					sap:filterable="false" sap:label="Net price"/><Property Name="OpenQuantity" Type="Edm.String" Nullable="false" MaxLength="17" sap:creatable="false" sap:updatable="false"
					sap:sortable="false" sap:filterable="false" sap:label="Open Quantity"/><Property Name="PurchOrder" Type="Edm.String" Nullable="false" MaxLength="10" sap:creatable="false" sap:updatable="false"
					sap:sortable="false" sap:filterable="false" sap:label="Purchasing Doc."/><Property Name="PoItem" Type="Edm.String" Nullable="false" MaxLength="5" sap:creatable="false" sap:updatable="false" sap:sortable="false"
					sap:filterable="false" sap:label="Item"/><Property Name="DelDate" Type="Edm.String" Nullable="false" MaxLength="10" sap:creatable="false" sap:updatable="false" sap:sortable="false"
					sap:filterable="false" sap:label="Character Field Length = 10"/><Property Name="Material" Type="Edm.String" Nullable="false" MaxLength="18" sap:creatable="false" sap:updatable="false" sap:sortable="false"
					sap:filterable="false" sap:label="Material"/><Property Name="MatDescp" Type="Edm.String" Nullable="false" MaxLength="40" sap:creatable="false" sap:updatable="false" sap:sortable="false"
					sap:filterable="false" sap:label="Description"/><Property Name="PlanDelCount" Type="Edm.Int32" Nullable="false" sap:creatable="false" sap:updatable="false" sap:sortable="false"
					sap:filterable="false" sap:label="Del Count"/><Property Name="DeliveryNo" Type="Edm.String" Nullable="false" MaxLength="10" sap:creatable="false" sap:updatable="false"
					sap:sortable="false" sap:filterable="false" sap:label="Delivery"/><Property Name="DeliveryItem" Type="Edm.String" Nullable="false" MaxLength="6" sap:creatable="false" sap:updatable="false"
					sap:sortable="false" sap:filterable="false" sap:label="Item"/><Property Name="SupplierCode" Type="Edm.String" Nullable="false" MaxLength="10" sap:creatable="false" sap:updatable="false"
					sap:sortable="false" sap:filterable="false" sap:label="Vendor"/><NavigationProperty Name="NavPoToDel" Relationship="ZRCP_SOP_NEW_SRV.PoToDel" FromRole="FromRole_PoToDel" ToRole="ToRole_PoToDel"/></EntityType>
			<EntityType Name="ZrcpAppHelp" sap:content-version="1">
				<Key><PropertyRef Name="Lang"/></Key><Property Name="Lang" Type="Edm.String" Nullable="false" MaxLength="2" sap:creatable="false" sap:updatable="false" sap:sortable="false"
					sap:filterable="false" sap:label="Language"/><Property Name="Text" Type="Edm.String" Nullable="false" MaxLength="1024" sap:creatable="false" sap:updatable="false" sap:sortable="false"
					sap:filterable="false" sap:label="String"/><Property Name="LineNo" Type="Edm.Int32" Nullable="false" sap:creatable="false" sap:updatable="false" sap:sortable="false"
					sap:filterable="false" sap:label="Number"/><Property Name="LineType" Type="Edm.String" Nullable="false" MaxLength="16" sap:creatable="false" sap:updatable="false" sap:sortable="false"
					sap:filterable="false" sap:label="Field of length 16"/><Property Name="Tdformat" Type="Edm.String" Nullable="false" MaxLength="2" sap:creatable="false" sap:updatable="false" sap:sortable="false"
					sap:filterable="false" sap:label="Tag column"/><Property Name="Tdline" Type="Edm.String" Nullable="false" MaxLength="132" sap:creatable="false" sap:updatable="false" sap:sortable="false"
					sap:filterable="false" sap:label="Text Line"/></EntityType>
			<Association Name="PoToDel" sap:content-version="1"><End Type="ZRCP_SOP_NEW_SRV.ZrcpSopPoInfo" Multiplicity="1" Role="FromRole_PoToDel"/><End Type="ZRCP_SOP_NEW_SRV.ZrcpSopDelList" Multiplicity="*" Role="ToRole_PoToDel"/>
				<ReferentialConstraint>
					<Principal Role="FromRole_PoToDel"><PropertyRef Name="PoItem"/><PropertyRef Name="PurchOrder"/></Principal>
					<Dependent Role="ToRole_PoToDel"><PropertyRef Name="PoItem"/><PropertyRef Name="PurchOrder"/></Dependent>
				</ReferentialConstraint>
			</Association>
			<EntityContainer Name="ZRCP_SOP_NEW_SRV_Entities" m:IsDefaultEntityContainer="true" sap:supported-formats="atom json xlsx"><EntitySet Name="ZRcpSopSuppListSet" EntityType="ZRCP_SOP_NEW_SRV.ZRcpSopSuppList" sap:content-version="1" sap:creatable="false"
				sap:updatable="false" sap:deletable="false" sap:pageable="false"/><EntitySet Name="ZrcpSopDelListSet" EntityType="ZRCP_SOP_NEW_SRV.ZrcpSopDelList" sap:content-version="1" sap:creatable="false"
				sap:updatable="false" sap:deletable="false" sap:pageable="false"/><EntitySet Name="ZrcpMatSearchSet" EntityType="ZRCP_SOP_NEW_SRV.ZrcpMatSearch" sap:content-version="1" sap:creatable="false"
				sap:updatable="false" sap:deletable="false" sap:pageable="false"/><EntitySet Name="ZrcpSopSuppNameSet" EntityType="ZRCP_SOP_NEW_SRV.ZrcpSopSuppName" sap:content-version="1" sap:creatable="false"
				sap:updatable="false" sap:deletable="false" sap:pageable="false"/><EntitySet Name="ZrcpSopPoInfoSet" EntityType="ZRCP_SOP_NEW_SRV.ZrcpSopPoInfo" sap:content-version="1" sap:creatable="false"
				sap:updatable="false" sap:deletable="false" sap:pageable="false"/><EntitySet Name="ZrcpAppHelpSet" EntityType="ZRCP_SOP_NEW_SRV.ZrcpAppHelp" sap:content-version="1" sap:creatable="false"
				sap:updatable="false" sap:deletable="false" sap:pageable="false"/>
				<AssociationSet Name="PoToDelSet" Association="ZRCP_SOP_NEW_SRV.PoToDel" deletable="false" creatable="false" updatable="false"><End EntitySet="ZrcpSopPoInfoSet" Role="FromRole_PoToDel"/><End EntitySet="ZrcpSopDelListSet" Role="ToRole_PoToDel"/></AssociationSet>
			</EntityContainer><atom:link xmlns:atom="http://www.w3.org/2005/Atom" rel="self"
				href="https://gwaas-a4b939626.hana.ondemand.com:443/odata/SAP/ZRCP_SOP_NEW_SRV;v=1/$metadata"/><atom:link xmlns:atom="http://www.w3.org/2005/Atom" rel="latest-version"
				href="https://gwaas-a4b939626.hana.ondemand.com:443/odata/SAP/ZRCP_SOP_NEW_SRV;v=1/$metadata"/></Schema>
	</edmx:DataServices>
</edmx:Edmx>