{
    "resources": [
        {
            "name": "Component.js"
        },
        {
            "name": "controller/App.controller.js"
        },
        {
            "name": "controller/BaseController.js"
        },
        {
            "name": "controller/ErrorHandler.js"
        },
        {
            "name": "controller/NotFound.controller.js"
        },
        {
            "name": "controller/Worklist.controller.js"
        },
        {
            "name": "css/style.css"
        },
        {
            "name": "extended_runnable_file.html"
        },
        {
            "name": "i18n/i18n.properties",
            "raw": "i18n/i18n.properties"
        },
        {
            "name": "i18n/i18n_de.properties",
            "raw": "i18n/i18n.properties",
            "locale": "_de"
        },
        {
            "name": "i18n/i18n_fr.properties",
            "raw": "i18n/i18n.properties",
            "locale": "_fr"
        },
        {
            "name": "images/favicon.png"
        },
        {
            "name": "index.html"
        },
        {
            "name": "localService/ZRCP_SOP_NEW_SRV/metadata.xml"
        },
        {
            "name": "localService/metadata.xml"
        },
        {
            "name": "manifest.json"
        },
        {
            "name": "model/models.js"
        },
        {
            "name": "serviceBinding.js"
        },
        {
            "name": "view/App.view.xml"
        },
        {
            "name": "view/MaterialDespDialo.fragment.xml"
        },
        {
            "name": "view/NotFound.view.xml"
        },
        {
            "name": "view/PersonalizationDialog.fragment.xml"
        },
        {
            "name": "view/Worklist.view.xml"
        }
    ]
}