{
  "Component-dbg.js": 1637653753660,
  "Component-preload.js": 1637653753897,
  "Component.js": 1637653737297,
  "controller/App-dbg.controller.js": 1637653753667,
  "controller/App.controller.js": 1637653737379,
  "controller/BaseController-dbg.js": 1637653753670,
  "controller/BaseController.js": 1637653737382,
  "controller/ErrorHandler-dbg.js": 1637653753673,
  "controller/ErrorHandler.js": 1637653737384,
  "controller/NotFound-dbg.controller.js": 1637653753684,
  "controller/NotFound.controller.js": 1637653737377,
  "controller/Worklist-dbg.controller.js": 1637653753691,
  "controller/Worklist.controller.js": 1637653737376,
  "css/style-dbg.css": 1637653753769,
  "css/style.css": 1637653737405,
  "di.code-validation.core_issues.json": 1637653752327,
  "extended_runnable_file.html": 1637653737304,
  "i18n/i18n.properties": 1637653737404,
  "i18n/i18n_de.properties": 1637653737400,
  "i18n/i18n_fr.properties": 1637653737398,
  "images/favicon.png": 1637653737410,
  "index.html": 1637653737309,
  "manifest-bundle.zip": 1637653755341,
  "manifest.json": 1637653752648,
  "model/models-dbg.js": 1637653753694,
  "model/models.js": 1637653737408,
  "neo-app.json": 1637653755301,
  "serviceBinding-dbg.js": 1637653753697,
  "serviceBinding.js": 1637653737286,
  "view/App.view.xml": 1637653737397,
  "view/MaterialDespDialo.fragment.xml": 1637653737396,
  "view/NotFound.view.xml": 1637653737392,
  "view/PersonalizationDialog.fragment.xml": 1637653737391,
  "view/Worklist.view.xml": 1637653737394
}